enemy,form,kind,action,direction,frame,path,width,height,pivot_x,pivot_y,mirrored
n01_lantern,light,body,idle,front,1,enemies/n01_lantern/light/idle/front_01.png,256,256,128,224,false
n01_lantern,light,body,idle,front,2,enemies/n01_lantern/light/idle/front_02.png,256,256,128,224,false
n01_lantern,light,body,idle,front,3,enemies/n01_lantern/light/idle/front_03.png,256,256,128,224,false
n01_lantern,light,body,idle,front,4,enemies/n01_lantern/light/idle/front_04.png,256,256,128,224,false
n01_lantern,light,body,idle,right,1,enemies/n01_lantern/light/idle/right_01.png,256,256,128,224,false
n01_lantern,light,body,idle,left,1,enemies/n01_lantern/light/idle/left_01.png,256,256,128,224,true
n01_lantern,light,body,idle,right,2,enemies/n01_lantern/light/idle/right_02.png,256,256,128,224,false
n01_lantern,light,body,idle,left,2,enemies/n01_lantern/light/idle/left_02.png,256,256,128,224,true
n01_lantern,light,body,idle,right,3,enemies/n01_lantern/light/idle/right_03.png,256,256,128,224,false
n01_lantern,light,body,idle,left,3,enemies/n01_lantern/light/idle/left_03.png,256,256,128,224,true
n01_lantern,light,body,idle,right,4,enemies/n01_lantern/light/idle/right_04.png,256,256,128,224,false
n01_lantern,light,body,idle,left,4,enemies/n01_lantern/light/idle/left_04.png,256,256,128,224,true
n01_lantern,light,body,idle,back,1,enemies/n01_lantern/light/idle/back_01.png,256,256,128,224,false
n01_lantern,light,body,idle,back,2,enemies/n01_lantern/light/idle/back_02.png,256,256,128,224,false
n01_lantern,light,body,idle,back,3,enemies/n01_lantern/light/idle/back_03.png,256,256,128,224,false
n01_lantern,light,body,idle,back,4,enemies/n01_lantern/light/idle/back_04.png,256,256,128,224,false
n01_lantern,light,body,move,front,1,enemies/n01_lantern/light/move/front_01.png,256,256,128,224,false
n01_lantern,light,body,move,front,2,enemies/n01_lantern/light/move/front_02.png,256,256,128,224,false
n01_lantern,light,body,move,front,3,enemies/n01_lantern/light/move/front_03.png,256,256,128,224,false
n01_lantern,light,body,move,front,4,enemies/n01_lantern/light/move/front_04.png,256,256,128,224,false
n01_lantern,light,body,move,right,1,enemies/n01_lantern/light/move/right_01.png,256,256,128,224,false
n01_lantern,light,body,move,left,1,enemies/n01_lantern/light/move/left_01.png,256,256,128,224,true
n01_lantern,light,body,move,right,2,enemies/n01_lantern/light/move/right_02.png,256,256,128,224,false
n01_lantern,light,body,move,left,2,enemies/n01_lantern/light/move/left_02.png,256,256,128,224,true
n01_lantern,light,body,move,right,3,enemies/n01_lantern/light/move/right_03.png,256,256,128,224,false
n01_lantern,light,body,move,left,3,enemies/n01_lantern/light/move/left_03.png,256,256,128,224,true
n01_lantern,light,body,move,right,4,enemies/n01_lantern/light/move/right_04.png,256,256,128,224,false
n01_lantern,light,body,move,left,4,enemies/n01_lantern/light/move/left_04.png,256,256,128,224,true
n01_lantern,light,body,move,back,1,enemies/n01_lantern/light/move/back_01.png,256,256,128,224,false
n01_lantern,light,body,move,back,2,enemies/n01_lantern/light/move/back_02.png,256,256,128,224,false
n01_lantern,light,body,move,back,3,enemies/n01_lantern/light/move/back_03.png,256,256,128,224,false
n01_lantern,light,body,move,back,4,enemies/n01_lantern/light/move/back_04.png,256,256,128,224,false
n01_lantern,light,body,attack_windup,front,1,enemies/n01_lantern/light/attack_windup/front_01.png,256,256,128,224,false
n01_lantern,light,body,attack_windup,front,2,enemies/n01_lantern/light/attack_windup/front_02.png,256,256,128,224,false
n01_lantern,light,body,attack_windup,front,3,enemies/n01_lantern/light/attack_windup/front_03.png,256,256,128,224,false
n01_lantern,light,body,attack_windup,front,4,enemies/n01_lantern/light/attack_windup/front_04.png,256,256,128,224,false
n01_lantern,light,body,attack_windup,right,1,enemies/n01_lantern/light/attack_windup/right_01.png,256,256,128,224,false
n01_lantern,light,body,attack_windup,left,1,enemies/n01_lantern/light/attack_windup/left_01.png,256,256,128,224,true
n01_lantern,light,body,attack_windup,right,2,enemies/n01_lantern/light/attack_windup/right_02.png,256,256,128,224,false
n01_lantern,light,body,attack_windup,left,2,enemies/n01_lantern/light/attack_windup/left_02.png,256,256,128,224,true
n01_lantern,light,body,attack_windup,right,3,enemies/n01_lantern/light/attack_windup/right_03.png,256,256,128,224,false
n01_lantern,light,body,attack_windup,left,3,enemies/n01_lantern/light/attack_windup/left_03.png,256,256,128,224,true
n01_lantern,light,body,attack_windup,right,4,enemies/n01_lantern/light/attack_windup/right_04.png,256,256,128,224,false
n01_lantern,light,body,attack_windup,left,4,enemies/n01_lantern/light/attack_windup/left_04.png,256,256,128,224,true
n01_lantern,light,body,attack_windup,back,1,enemies/n01_lantern/light/attack_windup/back_01.png,256,256,128,224,false
n01_lantern,light,body,attack_windup,back,2,enemies/n01_lantern/light/attack_windup/back_02.png,256,256,128,224,false
n01_lantern,light,body,attack_windup,back,3,enemies/n01_lantern/light/attack_windup/back_03.png,256,256,128,224,false
n01_lantern,light,body,attack_windup,back,4,enemies/n01_lantern/light/attack_windup/back_04.png,256,256,128,224,false
n01_lantern,light,body,attack_release,front,1,enemies/n01_lantern/light/attack_release/front_01.png,256,256,128,224,false
n01_lantern,light,body,attack_release,front,2,enemies/n01_lantern/light/attack_release/front_02.png,256,256,128,224,false
n01_lantern,light,body,attack_release,front,3,enemies/n01_lantern/light/attack_release/front_03.png,256,256,128,224,false
n01_lantern,light,body,attack_release,front,4,enemies/n01_lantern/light/attack_release/front_04.png,256,256,128,224,false
n01_lantern,light,body,attack_release,right,1,enemies/n01_lantern/light/attack_release/right_01.png,256,256,128,224,false
n01_lantern,light,body,attack_release,left,1,enemies/n01_lantern/light/attack_release/left_01.png,256,256,128,224,true
n01_lantern,light,body,attack_release,right,2,enemies/n01_lantern/light/attack_release/right_02.png,256,256,128,224,false
n01_lantern,light,body,attack_release,left,2,enemies/n01_lantern/light/attack_release/left_02.png,256,256,128,224,true
n01_lantern,light,body,attack_release,right,3,enemies/n01_lantern/light/attack_release/right_03.png,256,256,128,224,false
n01_lantern,light,body,attack_release,left,3,enemies/n01_lantern/light/attack_release/left_03.png,256,256,128,224,true
n01_lantern,light,body,attack_release,right,4,enemies/n01_lantern/light/attack_release/right_04.png,256,256,128,224,false
n01_lantern,light,body,attack_release,left,4,enemies/n01_lantern/light/attack_release/left_04.png,256,256,128,224,true
n01_lantern,light,body,attack_release,back,1,enemies/n01_lantern/light/attack_release/back_01.png,256,256,128,224,false
n01_lantern,light,body,attack_release,back,2,enemies/n01_lantern/light/attack_release/back_02.png,256,256,128,224,false
n01_lantern,light,body,attack_release,back,3,enemies/n01_lantern/light/attack_release/back_03.png,256,256,128,224,false
n01_lantern,light,body,attack_release,back,4,enemies/n01_lantern/light/attack_release/back_04.png,256,256,128,224,false
n01_lantern,light,body,attack_recovery,front,1,enemies/n01_lantern/light/attack_recovery/front_01.png,256,256,128,224,false
n01_lantern,light,body,attack_recovery,front,2,enemies/n01_lantern/light/attack_recovery/front_02.png,256,256,128,224,false
n01_lantern,light,body,attack_recovery,front,3,enemies/n01_lantern/light/attack_recovery/front_03.png,256,256,128,224,false
n01_lantern,light,body,attack_recovery,front,4,enemies/n01_lantern/light/attack_recovery/front_04.png,256,256,128,224,false
n01_lantern,light,body,attack_recovery,right,1,enemies/n01_lantern/light/attack_recovery/right_01.png,256,256,128,224,false
n01_lantern,light,body,attack_recovery,left,1,enemies/n01_lantern/light/attack_recovery/left_01.png,256,256,128,224,true
n01_lantern,light,body,attack_recovery,right,2,enemies/n01_lantern/light/attack_recovery/right_02.png,256,256,128,224,false
n01_lantern,light,body,attack_recovery,left,2,enemies/n01_lantern/light/attack_recovery/left_02.png,256,256,128,224,true
n01_lantern,light,body,attack_recovery,right,3,enemies/n01_lantern/light/attack_recovery/right_03.png,256,256,128,224,false
n01_lantern,light,body,attack_recovery,left,3,enemies/n01_lantern/light/attack_recovery/left_03.png,256,256,128,224,true
n01_lantern,light,body,attack_recovery,right,4,enemies/n01_lantern/light/attack_recovery/right_04.png,256,256,128,224,false
n01_lantern,light,body,attack_recovery,left,4,enemies/n01_lantern/light/attack_recovery/left_04.png,256,256,128,224,true
n01_lantern,light,body,attack_recovery,back,1,enemies/n01_lantern/light/attack_recovery/back_01.png,256,256,128,224,false
n01_lantern,light,body,attack_recovery,back,2,enemies/n01_lantern/light/attack_recovery/back_02.png,256,256,128,224,false
n01_lantern,light,body,attack_recovery,back,3,enemies/n01_lantern/light/attack_recovery/back_03.png,256,256,128,224,false
n01_lantern,light,body,attack_recovery,back,4,enemies/n01_lantern/light/attack_recovery/back_04.png,256,256,128,224,false
n01_lantern,light,body,hurt,front,1,enemies/n01_lantern/light/hurt/front_01.png,256,256,128,224,false
n01_lantern,light,body,hurt,front,2,enemies/n01_lantern/light/hurt/front_02.png,256,256,128,224,false
n01_lantern,light,body,hurt,front,3,enemies/n01_lantern/light/hurt/front_03.png,256,256,128,224,false
n01_lantern,light,body,hurt,front,4,enemies/n01_lantern/light/hurt/front_04.png,256,256,128,224,false
n01_lantern,light,body,hurt,right,1,enemies/n01_lantern/light/hurt/right_01.png,256,256,128,224,false
n01_lantern,light,body,hurt,left,1,enemies/n01_lantern/light/hurt/left_01.png,256,256,128,224,true
n01_lantern,light,body,hurt,right,2,enemies/n01_lantern/light/hurt/right_02.png,256,256,128,224,false
n01_lantern,light,body,hurt,left,2,enemies/n01_lantern/light/hurt/left_02.png,256,256,128,224,true
n01_lantern,light,body,hurt,right,3,enemies/n01_lantern/light/hurt/right_03.png,256,256,128,224,false
n01_lantern,light,body,hurt,left,3,enemies/n01_lantern/light/hurt/left_03.png,256,256,128,224,true
n01_lantern,light,body,hurt,right,4,enemies/n01_lantern/light/hurt/right_04.png,256,256,128,224,false
n01_lantern,light,body,hurt,left,4,enemies/n01_lantern/light/hurt/left_04.png,256,256,128,224,true
n01_lantern,light,body,hurt,back,1,enemies/n01_lantern/light/hurt/back_01.png,256,256,128,224,false
n01_lantern,light,body,hurt,back,2,enemies/n01_lantern/light/hurt/back_02.png,256,256,128,224,false
n01_lantern,light,body,hurt,back,3,enemies/n01_lantern/light/hurt/back_03.png,256,256,128,224,false
n01_lantern,light,body,hurt,back,4,enemies/n01_lantern/light/hurt/back_04.png,256,256,128,224,false
n01_lantern,light,body,death,front,1,enemies/n01_lantern/light/death/front_01.png,256,256,128,224,false
n01_lantern,light,body,death,front,2,enemies/n01_lantern/light/death/front_02.png,256,256,128,224,false
n01_lantern,light,body,death,front,3,enemies/n01_lantern/light/death/front_03.png,256,256,128,224,false
n01_lantern,light,body,death,front,4,enemies/n01_lantern/light/death/front_04.png,256,256,128,224,false
n01_lantern,light,body,death,right,1,enemies/n01_lantern/light/death/right_01.png,256,256,128,224,false
n01_lantern,light,body,death,left,1,enemies/n01_lantern/light/death/left_01.png,256,256,128,224,true
n01_lantern,light,body,death,right,2,enemies/n01_lantern/light/death/right_02.png,256,256,128,224,false
n01_lantern,light,body,death,left,2,enemies/n01_lantern/light/death/left_02.png,256,256,128,224,true
n01_lantern,light,body,death,right,3,enemies/n01_lantern/light/death/right_03.png,256,256,128,224,false
n01_lantern,light,body,death,left,3,enemies/n01_lantern/light/death/left_03.png,256,256,128,224,true
n01_lantern,light,body,death,right,4,enemies/n01_lantern/light/death/right_04.png,256,256,128,224,false
n01_lantern,light,body,death,left,4,enemies/n01_lantern/light/death/left_04.png,256,256,128,224,true
n01_lantern,light,body,death,back,1,enemies/n01_lantern/light/death/back_01.png,256,256,128,224,false
n01_lantern,light,body,death,back,2,enemies/n01_lantern/light/death/back_02.png,256,256,128,224,false
n01_lantern,light,body,death,back,3,enemies/n01_lantern/light/death/back_03.png,256,256,128,224,false
n01_lantern,light,body,death,back,4,enemies/n01_lantern/light/death/back_04.png,256,256,128,224,false
n01_lantern,shadow,body,idle,front,1,enemies/n01_lantern/shadow/idle/front_01.png,256,256,128,224,false
n01_lantern,shadow,body,idle,front,2,enemies/n01_lantern/shadow/idle/front_02.png,256,256,128,224,false
n01_lantern,shadow,body,idle,front,3,enemies/n01_lantern/shadow/idle/front_03.png,256,256,128,224,false
n01_lantern,shadow,body,idle,front,4,enemies/n01_lantern/shadow/idle/front_04.png,256,256,128,224,false
n01_lantern,shadow,body,idle,right,1,enemies/n01_lantern/shadow/idle/right_01.png,256,256,128,224,false
n01_lantern,shadow,body,idle,left,1,enemies/n01_lantern/shadow/idle/left_01.png,256,256,128,224,true
n01_lantern,shadow,body,idle,right,2,enemies/n01_lantern/shadow/idle/right_02.png,256,256,128,224,false
n01_lantern,shadow,body,idle,left,2,enemies/n01_lantern/shadow/idle/left_02.png,256,256,128,224,true
n01_lantern,shadow,body,idle,right,3,enemies/n01_lantern/shadow/idle/right_03.png,256,256,128,224,false
n01_lantern,shadow,body,idle,left,3,enemies/n01_lantern/shadow/idle/left_03.png,256,256,128,224,true
n01_lantern,shadow,body,idle,right,4,enemies/n01_lantern/shadow/idle/right_04.png,256,256,128,224,false
n01_lantern,shadow,body,idle,left,4,enemies/n01_lantern/shadow/idle/left_04.png,256,256,128,224,true
n01_lantern,shadow,body,idle,back,1,enemies/n01_lantern/shadow/idle/back_01.png,256,256,128,224,false
n01_lantern,shadow,body,idle,back,2,enemies/n01_lantern/shadow/idle/back_02.png,256,256,128,224,false
n01_lantern,shadow,body,idle,back,3,enemies/n01_lantern/shadow/idle/back_03.png,256,256,128,224,false
n01_lantern,shadow,body,idle,back,4,enemies/n01_lantern/shadow/idle/back_04.png,256,256,128,224,false
n01_lantern,shadow,body,move,front,1,enemies/n01_lantern/shadow/move/front_01.png,256,256,128,224,false
n01_lantern,shadow,body,move,front,2,enemies/n01_lantern/shadow/move/front_02.png,256,256,128,224,false
n01_lantern,shadow,body,move,front,3,enemies/n01_lantern/shadow/move/front_03.png,256,256,128,224,false
n01_lantern,shadow,body,move,front,4,enemies/n01_lantern/shadow/move/front_04.png,256,256,128,224,false
n01_lantern,shadow,body,move,right,1,enemies/n01_lantern/shadow/move/right_01.png,256,256,128,224,false
n01_lantern,shadow,body,move,left,1,enemies/n01_lantern/shadow/move/left_01.png,256,256,128,224,true
n01_lantern,shadow,body,move,right,2,enemies/n01_lantern/shadow/move/right_02.png,256,256,128,224,false
n01_lantern,shadow,body,move,left,2,enemies/n01_lantern/shadow/move/left_02.png,256,256,128,224,true
n01_lantern,shadow,body,move,right,3,enemies/n01_lantern/shadow/move/right_03.png,256,256,128,224,false
n01_lantern,shadow,body,move,left,3,enemies/n01_lantern/shadow/move/left_03.png,256,256,128,224,true
n01_lantern,shadow,body,move,right,4,enemies/n01_lantern/shadow/move/right_04.png,256,256,128,224,false
n01_lantern,shadow,body,move,left,4,enemies/n01_lantern/shadow/move/left_04.png,256,256,128,224,true
n01_lantern,shadow,body,move,back,1,enemies/n01_lantern/shadow/move/back_01.png,256,256,128,224,false
n01_lantern,shadow,body,move,back,2,enemies/n01_lantern/shadow/move/back_02.png,256,256,128,224,false
n01_lantern,shadow,body,move,back,3,enemies/n01_lantern/shadow/move/back_03.png,256,256,128,224,false
n01_lantern,shadow,body,move,back,4,enemies/n01_lantern/shadow/move/back_04.png,256,256,128,224,false
n01_lantern,shadow,body,attack_windup,front,1,enemies/n01_lantern/shadow/attack_windup/front_01.png,256,256,128,224,false
n01_lantern,shadow,body,attack_windup,front,2,enemies/n01_lantern/shadow/attack_windup/front_02.png,256,256,128,224,false
n01_lantern,shadow,body,attack_windup,front,3,enemies/n01_lantern/shadow/attack_windup/front_03.png,256,256,128,224,false
n01_lantern,shadow,body,attack_windup,front,4,enemies/n01_lantern/shadow/attack_windup/front_04.png,256,256,128,224,false
n01_lantern,shadow,body,attack_windup,right,1,enemies/n01_lantern/shadow/attack_windup/right_01.png,256,256,128,224,false
n01_lantern,shadow,body,attack_windup,left,1,enemies/n01_lantern/shadow/attack_windup/left_01.png,256,256,128,224,true
n01_lantern,shadow,body,attack_windup,right,2,enemies/n01_lantern/shadow/attack_windup/right_02.png,256,256,128,224,false
n01_lantern,shadow,body,attack_windup,left,2,enemies/n01_lantern/shadow/attack_windup/left_02.png,256,256,128,224,true
n01_lantern,shadow,body,attack_windup,right,3,enemies/n01_lantern/shadow/attack_windup/right_03.png,256,256,128,224,false
n01_lantern,shadow,body,attack_windup,left,3,enemies/n01_lantern/shadow/attack_windup/left_03.png,256,256,128,224,true
n01_lantern,shadow,body,attack_windup,right,4,enemies/n01_lantern/shadow/attack_windup/right_04.png,256,256,128,224,false
n01_lantern,shadow,body,attack_windup,left,4,enemies/n01_lantern/shadow/attack_windup/left_04.png,256,256,128,224,true
n01_lantern,shadow,body,attack_windup,back,1,enemies/n01_lantern/shadow/attack_windup/back_01.png,256,256,128,224,false
n01_lantern,shadow,body,attack_windup,back,2,enemies/n01_lantern/shadow/attack_windup/back_02.png,256,256,128,224,false
n01_lantern,shadow,body,attack_windup,back,3,enemies/n01_lantern/shadow/attack_windup/back_03.png,256,256,128,224,false
n01_lantern,shadow,body,attack_windup,back,4,enemies/n01_lantern/shadow/attack_windup/back_04.png,256,256,128,224,false
n01_lantern,shadow,body,attack_release,front,1,enemies/n01_lantern/shadow/attack_release/front_01.png,256,256,128,224,false
n01_lantern,shadow,body,attack_release,front,2,enemies/n01_lantern/shadow/attack_release/front_02.png,256,256,128,224,false
n01_lantern,shadow,body,attack_release,front,3,enemies/n01_lantern/shadow/attack_release/front_03.png,256,256,128,224,false
n01_lantern,shadow,body,attack_release,front,4,enemies/n01_lantern/shadow/attack_release/front_04.png,256,256,128,224,false
n01_lantern,shadow,body,attack_release,right,1,enemies/n01_lantern/shadow/attack_release/right_01.png,256,256,128,224,false
n01_lantern,shadow,body,attack_release,left,1,enemies/n01_lantern/shadow/attack_release/left_01.png,256,256,128,224,true
n01_lantern,shadow,body,attack_release,right,2,enemies/n01_lantern/shadow/attack_release/right_02.png,256,256,128,224,false
n01_lantern,shadow,body,attack_release,left,2,enemies/n01_lantern/shadow/attack_release/left_02.png,256,256,128,224,true
n01_lantern,shadow,body,attack_release,right,3,enemies/n01_lantern/shadow/attack_release/right_03.png,256,256,128,224,false
n01_lantern,shadow,body,attack_release,left,3,enemies/n01_lantern/shadow/attack_release/left_03.png,256,256,128,224,true
n01_lantern,shadow,body,attack_release,right,4,enemies/n01_lantern/shadow/attack_release/right_04.png,256,256,128,224,false
n01_lantern,shadow,body,attack_release,left,4,enemies/n01_lantern/shadow/attack_release/left_04.png,256,256,128,224,true
n01_lantern,shadow,body,attack_release,back,1,enemies/n01_lantern/shadow/attack_release/back_01.png,256,256,128,224,false
n01_lantern,shadow,body,attack_release,back,2,enemies/n01_lantern/shadow/attack_release/back_02.png,256,256,128,224,false
n01_lantern,shadow,body,attack_release,back,3,enemies/n01_lantern/shadow/attack_release/back_03.png,256,256,128,224,false
n01_lantern,shadow,body,attack_release,back,4,enemies/n01_lantern/shadow/attack_release/back_04.png,256,256,128,224,false
n01_lantern,shadow,body,attack_recovery,front,1,enemies/n01_lantern/shadow/attack_recovery/front_01.png,256,256,128,224,false
n01_lantern,shadow,body,attack_recovery,front,2,enemies/n01_lantern/shadow/attack_recovery/front_02.png,256,256,128,224,false
n01_lantern,shadow,body,attack_recovery,front,3,enemies/n01_lantern/shadow/attack_recovery/front_03.png,256,256,128,224,false
n01_lantern,shadow,body,attack_recovery,front,4,enemies/n01_lantern/shadow/attack_recovery/front_04.png,256,256,128,224,false
n01_lantern,shadow,body,attack_recovery,right,1,enemies/n01_lantern/shadow/attack_recovery/right_01.png,256,256,128,224,false
n01_lantern,shadow,body,attack_recovery,left,1,enemies/n01_lantern/shadow/attack_recovery/left_01.png,256,256,128,224,true
n01_lantern,shadow,body,attack_recovery,right,2,enemies/n01_lantern/shadow/attack_recovery/right_02.png,256,256,128,224,false
n01_lantern,shadow,body,attack_recovery,left,2,enemies/n01_lantern/shadow/attack_recovery/left_02.png,256,256,128,224,true
n01_lantern,shadow,body,attack_recovery,right,3,enemies/n01_lantern/shadow/attack_recovery/right_03.png,256,256,128,224,false
n01_lantern,shadow,body,attack_recovery,left,3,enemies/n01_lantern/shadow/attack_recovery/left_03.png,256,256,128,224,true
n01_lantern,shadow,body,attack_recovery,right,4,enemies/n01_lantern/shadow/attack_recovery/right_04.png,256,256,128,224,false
n01_lantern,shadow,body,attack_recovery,left,4,enemies/n01_lantern/shadow/attack_recovery/left_04.png,256,256,128,224,true
n01_lantern,shadow,body,attack_recovery,back,1,enemies/n01_lantern/shadow/attack_recovery/back_01.png,256,256,128,224,false
n01_lantern,shadow,body,attack_recovery,back,2,enemies/n01_lantern/shadow/attack_recovery/back_02.png,256,256,128,224,false
n01_lantern,shadow,body,attack_recovery,back,3,enemies/n01_lantern/shadow/attack_recovery/back_03.png,256,256,128,224,false
n01_lantern,shadow,body,attack_recovery,back,4,enemies/n01_lantern/shadow/attack_recovery/back_04.png,256,256,128,224,false
n01_lantern,shadow,body,hurt,front,1,enemies/n01_lantern/shadow/hurt/front_01.png,256,256,128,224,false
n01_lantern,shadow,body,hurt,front,2,enemies/n01_lantern/shadow/hurt/front_02.png,256,256,128,224,false
n01_lantern,shadow,body,hurt,front,3,enemies/n01_lantern/shadow/hurt/front_03.png,256,256,128,224,false
n01_lantern,shadow,body,hurt,front,4,enemies/n01_lantern/shadow/hurt/front_04.png,256,256,128,224,false
n01_lantern,shadow,body,hurt,right,1,enemies/n01_lantern/shadow/hurt/right_01.png,256,256,128,224,false
n01_lantern,shadow,body,hurt,left,1,enemies/n01_lantern/shadow/hurt/left_01.png,256,256,128,224,true
n01_lantern,shadow,body,hurt,right,2,enemies/n01_lantern/shadow/hurt/right_02.png,256,256,128,224,false
n01_lantern,shadow,body,hurt,left,2,enemies/n01_lantern/shadow/hurt/left_02.png,256,256,128,224,true
n01_lantern,shadow,body,hurt,right,3,enemies/n01_lantern/shadow/hurt/right_03.png,256,256,128,224,false
n01_lantern,shadow,body,hurt,left,3,enemies/n01_lantern/shadow/hurt/left_03.png,256,256,128,224,true
n01_lantern,shadow,body,hurt,right,4,enemies/n01_lantern/shadow/hurt/right_04.png,256,256,128,224,false
n01_lantern,shadow,body,hurt,left,4,enemies/n01_lantern/shadow/hurt/left_04.png,256,256,128,224,true
n01_lantern,shadow,body,hurt,back,1,enemies/n01_lantern/shadow/hurt/back_01.png,256,256,128,224,false
n01_lantern,shadow,body,hurt,back,2,enemies/n01_lantern/shadow/hurt/back_02.png,256,256,128,224,false
n01_lantern,shadow,body,hurt,back,3,enemies/n01_lantern/shadow/hurt/back_03.png,256,256,128,224,false
n01_lantern,shadow,body,hurt,back,4,enemies/n01_lantern/shadow/hurt/back_04.png,256,256,128,224,false
n01_lantern,shadow,body,death,front,1,enemies/n01_lantern/shadow/death/front_01.png,256,256,128,224,false
n01_lantern,shadow,body,death,front,2,enemies/n01_lantern/shadow/death/front_02.png,256,256,128,224,false
n01_lantern,shadow,body,death,front,3,enemies/n01_lantern/shadow/death/front_03.png,256,256,128,224,false
n01_lantern,shadow,body,death,front,4,enemies/n01_lantern/shadow/death/front_04.png,256,256,128,224,false
n01_lantern,shadow,body,death,right,1,enemies/n01_lantern/shadow/death/right_01.png,256,256,128,224,false
n01_lantern,shadow,body,death,left,1,enemies/n01_lantern/shadow/death/left_01.png,256,256,128,224,true
n01_lantern,shadow,body,death,right,2,enemies/n01_lantern/shadow/death/right_02.png,256,256,128,224,false
n01_lantern,shadow,body,death,left,2,enemies/n01_lantern/shadow/death/left_02.png,256,256,128,224,true
n01_lantern,shadow,body,death,right,3,enemies/n01_lantern/shadow/death/right_03.png,256,256,128,224,false
n01_lantern,shadow,body,death,left,3,enemies/n01_lantern/shadow/death/left_03.png,256,256,128,224,true
n01_lantern,shadow,body,death,right,4,enemies/n01_lantern/shadow/death/right_04.png,256,256,128,224,false
n01_lantern,shadow,body,death,left,4,enemies/n01_lantern/shadow/death/left_04.png,256,256,128,224,true
n01_lantern,shadow,body,death,back,1,enemies/n01_lantern/shadow/death/back_01.png,256,256,128,224,false
n01_lantern,shadow,body,death,back,2,enemies/n01_lantern/shadow/death/back_02.png,256,256,128,224,false
n01_lantern,shadow,body,death,back,3,enemies/n01_lantern/shadow/death/back_03.png,256,256,128,224,false
n01_lantern,shadow,body,death,back,4,enemies/n01_lantern/shadow/death/back_04.png,256,256,128,224,false
n02_wolf,light,body,idle,front,1,enemies/n02_wolf/light/idle/front_01.png,256,256,128,224,false
n02_wolf,light,body,idle,front,2,enemies/n02_wolf/light/idle/front_02.png,256,256,128,224,false
n02_wolf,light,body,idle,front,3,enemies/n02_wolf/light/idle/front_03.png,256,256,128,224,false
n02_wolf,light,body,idle,front,4,enemies/n02_wolf/light/idle/front_04.png,256,256,128,224,false
n02_wolf,light,body,idle,right,1,enemies/n02_wolf/light/idle/right_01.png,256,256,128,224,false
n02_wolf,light,body,idle,left,1,enemies/n02_wolf/light/idle/left_01.png,256,256,128,224,true
n02_wolf,light,body,idle,right,2,enemies/n02_wolf/light/idle/right_02.png,256,256,128,224,false
n02_wolf,light,body,idle,left,2,enemies/n02_wolf/light/idle/left_02.png,256,256,128,224,true
n02_wolf,light,body,idle,right,3,enemies/n02_wolf/light/idle/right_03.png,256,256,128,224,false
n02_wolf,light,body,idle,left,3,enemies/n02_wolf/light/idle/left_03.png,256,256,128,224,true
n02_wolf,light,body,idle,right,4,enemies/n02_wolf/light/idle/right_04.png,256,256,128,224,false
n02_wolf,light,body,idle,left,4,enemies/n02_wolf/light/idle/left_04.png,256,256,128,224,true
n02_wolf,light,body,idle,right,5,enemies/n02_wolf/light/idle/right_05.png,256,256,128,224,false
n02_wolf,light,body,idle,left,5,enemies/n02_wolf/light/idle/left_05.png,256,256,128,224,true
n02_wolf,light,body,idle,back,1,enemies/n02_wolf/light/idle/back_01.png,256,256,128,224,false
n02_wolf,light,body,idle,back,2,enemies/n02_wolf/light/idle/back_02.png,256,256,128,224,false
n02_wolf,light,body,idle,back,3,enemies/n02_wolf/light/idle/back_03.png,256,256,128,224,false
n02_wolf,light,body,idle,back,4,enemies/n02_wolf/light/idle/back_04.png,256,256,128,224,false
n02_wolf,light,body,move,front,1,enemies/n02_wolf/light/move/front_01.png,256,256,128,224,false
n02_wolf,light,body,move,front,2,enemies/n02_wolf/light/move/front_02.png,256,256,128,224,false
n02_wolf,light,body,move,front,3,enemies/n02_wolf/light/move/front_03.png,256,256,128,224,false
n02_wolf,light,body,move,front,4,enemies/n02_wolf/light/move/front_04.png,256,256,128,224,false
n02_wolf,light,body,move,right,1,enemies/n02_wolf/light/move/right_01.png,256,256,128,224,false
n02_wolf,light,body,move,left,1,enemies/n02_wolf/light/move/left_01.png,256,256,128,224,true
n02_wolf,light,body,move,right,2,enemies/n02_wolf/light/move/right_02.png,256,256,128,224,false
n02_wolf,light,body,move,left,2,enemies/n02_wolf/light/move/left_02.png,256,256,128,224,true
n02_wolf,light,body,move,right,3,enemies/n02_wolf/light/move/right_03.png,256,256,128,224,false
n02_wolf,light,body,move,left,3,enemies/n02_wolf/light/move/left_03.png,256,256,128,224,true
n02_wolf,light,body,move,right,4,enemies/n02_wolf/light/move/right_04.png,256,256,128,224,false
n02_wolf,light,body,move,left,4,enemies/n02_wolf/light/move/left_04.png,256,256,128,224,true
n02_wolf,light,body,move,right,5,enemies/n02_wolf/light/move/right_05.png,256,256,128,224,false
n02_wolf,light,body,move,left,5,enemies/n02_wolf/light/move/left_05.png,256,256,128,224,true
n02_wolf,light,body,move,back,1,enemies/n02_wolf/light/move/back_01.png,256,256,128,224,false
n02_wolf,light,body,move,back,2,enemies/n02_wolf/light/move/back_02.png,256,256,128,224,false
n02_wolf,light,body,move,back,3,enemies/n02_wolf/light/move/back_03.png,256,256,128,224,false
n02_wolf,light,body,move,back,4,enemies/n02_wolf/light/move/back_04.png,256,256,128,224,false
n02_wolf,light,body,attack_windup,front,1,enemies/n02_wolf/light/attack_windup/front_01.png,256,256,128,224,false
n02_wolf,light,body,attack_windup,front,2,enemies/n02_wolf/light/attack_windup/front_02.png,256,256,128,224,false
n02_wolf,light,body,attack_windup,front,3,enemies/n02_wolf/light/attack_windup/front_03.png,256,256,128,224,false
n02_wolf,light,body,attack_windup,front,4,enemies/n02_wolf/light/attack_windup/front_04.png,256,256,128,224,false
n02_wolf,light,body,attack_windup,right,1,enemies/n02_wolf/light/attack_windup/right_01.png,256,256,128,224,false
n02_wolf,light,body,attack_windup,left,1,enemies/n02_wolf/light/attack_windup/left_01.png,256,256,128,224,true
n02_wolf,light,body,attack_windup,right,2,enemies/n02_wolf/light/attack_windup/right_02.png,256,256,128,224,false
n02_wolf,light,body,attack_windup,left,2,enemies/n02_wolf/light/attack_windup/left_02.png,256,256,128,224,true
n02_wolf,light,body,attack_windup,right,3,enemies/n02_wolf/light/attack_windup/right_03.png,256,256,128,224,false
n02_wolf,light,body,attack_windup,left,3,enemies/n02_wolf/light/attack_windup/left_03.png,256,256,128,224,true
n02_wolf,light,body,attack_windup,right,4,enemies/n02_wolf/light/attack_windup/right_04.png,256,256,128,224,false
n02_wolf,light,body,attack_windup,left,4,enemies/n02_wolf/light/attack_windup/left_04.png,256,256,128,224,true
n02_wolf,light,body,attack_windup,back,1,enemies/n02_wolf/light/attack_windup/back_01.png,256,256,128,224,false
n02_wolf,light,body,attack_windup,back,2,enemies/n02_wolf/light/attack_windup/back_02.png,256,256,128,224,false
n02_wolf,light,body,attack_windup,back,3,enemies/n02_wolf/light/attack_windup/back_03.png,256,256,128,224,false
n02_wolf,light,body,attack_windup,back,4,enemies/n02_wolf/light/attack_windup/back_04.png,256,256,128,224,false
n02_wolf,light,body,attack_release,front,1,enemies/n02_wolf/light/attack_release/front_01.png,256,256,128,224,false
n02_wolf,light,body,attack_release,front,2,enemies/n02_wolf/light/attack_release/front_02.png,256,256,128,224,false
n02_wolf,light,body,attack_release,front,3,enemies/n02_wolf/light/attack_release/front_03.png,256,256,128,224,false
n02_wolf,light,body,attack_release,front,4,enemies/n02_wolf/light/attack_release/front_04.png,256,256,128,224,false
n02_wolf,light,body,attack_release,right,1,enemies/n02_wolf/light/attack_release/right_01.png,256,256,128,224,false
n02_wolf,light,body,attack_release,left,1,enemies/n02_wolf/light/attack_release/left_01.png,256,256,128,224,true
n02_wolf,light,body,attack_release,right,2,enemies/n02_wolf/light/attack_release/right_02.png,256,256,128,224,false
n02_wolf,light,body,attack_release,left,2,enemies/n02_wolf/light/attack_release/left_02.png,256,256,128,224,true
n02_wolf,light,body,attack_release,right,3,enemies/n02_wolf/light/attack_release/right_03.png,256,256,128,224,false
n02_wolf,light,body,attack_release,left,3,enemies/n02_wolf/light/attack_release/left_03.png,256,256,128,224,true
n02_wolf,light,body,attack_release,right,4,enemies/n02_wolf/light/attack_release/right_04.png,256,256,128,224,false
n02_wolf,light,body,attack_release,left,4,enemies/n02_wolf/light/attack_release/left_04.png,256,256,128,224,true
n02_wolf,light,body,attack_release,back,1,enemies/n02_wolf/light/attack_release/back_01.png,256,256,128,224,false
n02_wolf,light,body,attack_release,back,2,enemies/n02_wolf/light/attack_release/back_02.png,256,256,128,224,false
n02_wolf,light,body,attack_release,back,3,enemies/n02_wolf/light/attack_release/back_03.png,256,256,128,224,false
n02_wolf,light,body,attack_release,back,4,enemies/n02_wolf/light/attack_release/back_04.png,256,256,128,224,false
n02_wolf,light,body,attack_recovery,front,1,enemies/n02_wolf/light/attack_recovery/front_01.png,256,256,128,224,false
n02_wolf,light,body,attack_recovery,front,2,enemies/n02_wolf/light/attack_recovery/front_02.png,256,256,128,224,false
n02_wolf,light,body,attack_recovery,front,3,enemies/n02_wolf/light/attack_recovery/front_03.png,256,256,128,224,false
n02_wolf,light,body,attack_recovery,front,4,enemies/n02_wolf/light/attack_recovery/front_04.png,256,256,128,224,false
n02_wolf,light,body,attack_recovery,right,1,enemies/n02_wolf/light/attack_recovery/right_01.png,256,256,128,224,false
n02_wolf,light,body,attack_recovery,left,1,enemies/n02_wolf/light/attack_recovery/left_01.png,256,256,128,224,true
n02_wolf,light,body,attack_recovery,right,2,enemies/n02_wolf/light/attack_recovery/right_02.png,256,256,128,224,false
n02_wolf,light,body,attack_recovery,left,2,enemies/n02_wolf/light/attack_recovery/left_02.png,256,256,128,224,true
n02_wolf,light,body,attack_recovery,right,3,enemies/n02_wolf/light/attack_recovery/right_03.png,256,256,128,224,false
n02_wolf,light,body,attack_recovery,left,3,enemies/n02_wolf/light/attack_recovery/left_03.png,256,256,128,224,true
n02_wolf,light,body,attack_recovery,right,4,enemies/n02_wolf/light/attack_recovery/right_04.png,256,256,128,224,false
n02_wolf,light,body,attack_recovery,left,4,enemies/n02_wolf/light/attack_recovery/left_04.png,256,256,128,224,true
n02_wolf,light,body,attack_recovery,back,1,enemies/n02_wolf/light/attack_recovery/back_01.png,256,256,128,224,false
n02_wolf,light,body,attack_recovery,back,2,enemies/n02_wolf/light/attack_recovery/back_02.png,256,256,128,224,false
n02_wolf,light,body,attack_recovery,back,3,enemies/n02_wolf/light/attack_recovery/back_03.png,256,256,128,224,false
n02_wolf,light,body,attack_recovery,back,4,enemies/n02_wolf/light/attack_recovery/back_04.png,256,256,128,224,false
n02_wolf,light,body,hurt,front,1,enemies/n02_wolf/light/hurt/front_01.png,256,256,128,224,false
n02_wolf,light,body,hurt,front,2,enemies/n02_wolf/light/hurt/front_02.png,256,256,128,224,false
n02_wolf,light,body,hurt,front,3,enemies/n02_wolf/light/hurt/front_03.png,256,256,128,224,false
n02_wolf,light,body,hurt,front,4,enemies/n02_wolf/light/hurt/front_04.png,256,256,128,224,false
n02_wolf,light,body,hurt,right,1,enemies/n02_wolf/light/hurt/right_01.png,256,256,128,224,false
n02_wolf,light,body,hurt,left,1,enemies/n02_wolf/light/hurt/left_01.png,256,256,128,224,true
n02_wolf,light,body,hurt,right,2,enemies/n02_wolf/light/hurt/right_02.png,256,256,128,224,false
n02_wolf,light,body,hurt,left,2,enemies/n02_wolf/light/hurt/left_02.png,256,256,128,224,true
n02_wolf,light,body,hurt,right,3,enemies/n02_wolf/light/hurt/right_03.png,256,256,128,224,false
n02_wolf,light,body,hurt,left,3,enemies/n02_wolf/light/hurt/left_03.png,256,256,128,224,true
n02_wolf,light,body,hurt,right,4,enemies/n02_wolf/light/hurt/right_04.png,256,256,128,224,false
n02_wolf,light,body,hurt,left,4,enemies/n02_wolf/light/hurt/left_04.png,256,256,128,224,true
n02_wolf,light,body,hurt,back,1,enemies/n02_wolf/light/hurt/back_01.png,256,256,128,224,false
n02_wolf,light,body,hurt,back,2,enemies/n02_wolf/light/hurt/back_02.png,256,256,128,224,false
n02_wolf,light,body,hurt,back,3,enemies/n02_wolf/light/hurt/back_03.png,256,256,128,224,false
n02_wolf,light,body,hurt,back,4,enemies/n02_wolf/light/hurt/back_04.png,256,256,128,224,false
n02_wolf,light,body,death,front,1,enemies/n02_wolf/light/death/front_01.png,256,256,128,224,false
n02_wolf,light,body,death,front,2,enemies/n02_wolf/light/death/front_02.png,256,256,128,224,false
n02_wolf,light,body,death,front,3,enemies/n02_wolf/light/death/front_03.png,256,256,128,224,false
n02_wolf,light,body,death,front,4,enemies/n02_wolf/light/death/front_04.png,256,256,128,224,false
n02_wolf,light,body,death,right,1,enemies/n02_wolf/light/death/right_01.png,256,256,128,224,false
n02_wolf,light,body,death,left,1,enemies/n02_wolf/light/death/left_01.png,256,256,128,224,true
n02_wolf,light,body,death,right,2,enemies/n02_wolf/light/death/right_02.png,256,256,128,224,false
n02_wolf,light,body,death,left,2,enemies/n02_wolf/light/death/left_02.png,256,256,128,224,true
n02_wolf,light,body,death,right,3,enemies/n02_wolf/light/death/right_03.png,256,256,128,224,false
n02_wolf,light,body,death,left,3,enemies/n02_wolf/light/death/left_03.png,256,256,128,224,true
n02_wolf,light,body,death,right,4,enemies/n02_wolf/light/death/right_04.png,256,256,128,224,false
n02_wolf,light,body,death,left,4,enemies/n02_wolf/light/death/left_04.png,256,256,128,224,true
n02_wolf,light,body,death,back,1,enemies/n02_wolf/light/death/back_01.png,256,256,128,224,false
n02_wolf,light,body,death,back,2,enemies/n02_wolf/light/death/back_02.png,256,256,128,224,false
n02_wolf,light,body,death,back,3,enemies/n02_wolf/light/death/back_03.png,256,256,128,224,false
n02_wolf,light,body,death,back,4,enemies/n02_wolf/light/death/back_04.png,256,256,128,224,false
n02_wolf,shadow,body,idle,front,1,enemies/n02_wolf/shadow/idle/front_01.png,256,256,128,224,false
n02_wolf,shadow,body,idle,front,2,enemies/n02_wolf/shadow/idle/front_02.png,256,256,128,224,false
n02_wolf,shadow,body,idle,front,3,enemies/n02_wolf/shadow/idle/front_03.png,256,256,128,224,false
n02_wolf,shadow,body,idle,front,4,enemies/n02_wolf/shadow/idle/front_04.png,256,256,128,224,false
n02_wolf,shadow,body,idle,right,1,enemies/n02_wolf/shadow/idle/right_01.png,256,256,128,224,false
n02_wolf,shadow,body,idle,left,1,enemies/n02_wolf/shadow/idle/left_01.png,256,256,128,224,true
n02_wolf,shadow,body,idle,right,2,enemies/n02_wolf/shadow/idle/right_02.png,256,256,128,224,false
n02_wolf,shadow,body,idle,left,2,enemies/n02_wolf/shadow/idle/left_02.png,256,256,128,224,true
n02_wolf,shadow,body,idle,right,3,enemies/n02_wolf/shadow/idle/right_03.png,256,256,128,224,false
n02_wolf,shadow,body,idle,left,3,enemies/n02_wolf/shadow/idle/left_03.png,256,256,128,224,true
n02_wolf,shadow,body,idle,right,4,enemies/n02_wolf/shadow/idle/right_04.png,256,256,128,224,false
n02_wolf,shadow,body,idle,left,4,enemies/n02_wolf/shadow/idle/left_04.png,256,256,128,224,true
n02_wolf,shadow,body,idle,back,1,enemies/n02_wolf/shadow/idle/back_01.png,256,256,128,224,false
n02_wolf,shadow,body,idle,back,2,enemies/n02_wolf/shadow/idle/back_02.png,256,256,128,224,false
n02_wolf,shadow,body,idle,back,3,enemies/n02_wolf/shadow/idle/back_03.png,256,256,128,224,false
n02_wolf,shadow,body,idle,back,4,enemies/n02_wolf/shadow/idle/back_04.png,256,256,128,224,false
n02_wolf,shadow,body,move,front,1,enemies/n02_wolf/shadow/move/front_01.png,256,256,128,224,false
n02_wolf,shadow,body,move,front,2,enemies/n02_wolf/shadow/move/front_02.png,256,256,128,224,false
n02_wolf,shadow,body,move,front,3,enemies/n02_wolf/shadow/move/front_03.png,256,256,128,224,false
n02_wolf,shadow,body,move,front,4,enemies/n02_wolf/shadow/move/front_04.png,256,256,128,224,false
n02_wolf,shadow,body,move,right,1,enemies/n02_wolf/shadow/move/right_01.png,256,256,128,224,false
n02_wolf,shadow,body,move,left,1,enemies/n02_wolf/shadow/move/left_01.png,256,256,128,224,true
n02_wolf,shadow,body,move,right,2,enemies/n02_wolf/shadow/move/right_02.png,256,256,128,224,false
n02_wolf,shadow,body,move,left,2,enemies/n02_wolf/shadow/move/left_02.png,256,256,128,224,true
n02_wolf,shadow,body,move,right,3,enemies/n02_wolf/shadow/move/right_03.png,256,256,128,224,false
n02_wolf,shadow,body,move,left,3,enemies/n02_wolf/shadow/move/left_03.png,256,256,128,224,true
n02_wolf,shadow,body,move,right,4,enemies/n02_wolf/shadow/move/right_04.png,256,256,128,224,false
n02_wolf,shadow,body,move,left,4,enemies/n02_wolf/shadow/move/left_04.png,256,256,128,224,true
n02_wolf,shadow,body,move,back,1,enemies/n02_wolf/shadow/move/back_01.png,256,256,128,224,false
n02_wolf,shadow,body,move,back,2,enemies/n02_wolf/shadow/move/back_02.png,256,256,128,224,false
n02_wolf,shadow,body,move,back,3,enemies/n02_wolf/shadow/move/back_03.png,256,256,128,224,false
n02_wolf,shadow,body,move,back,4,enemies/n02_wolf/shadow/move/back_04.png,256,256,128,224,false
n02_wolf,shadow,body,attack_windup,front,1,enemies/n02_wolf/shadow/attack_windup/front_01.png,256,256,128,224,false
n02_wolf,shadow,body,attack_windup,front,2,enemies/n02_wolf/shadow/attack_windup/front_02.png,256,256,128,224,false
n02_wolf,shadow,body,attack_windup,front,3,enemies/n02_wolf/shadow/attack_windup/front_03.png,256,256,128,224,false
n02_wolf,shadow,body,attack_windup,front,4,enemies/n02_wolf/shadow/attack_windup/front_04.png,256,256,128,224,false
n02_wolf,shadow,body,attack_windup,right,1,enemies/n02_wolf/shadow/attack_windup/right_01.png,256,256,128,224,false
n02_wolf,shadow,body,attack_windup,left,1,enemies/n02_wolf/shadow/attack_windup/left_01.png,256,256,128,224,true
n02_wolf,shadow,body,attack_windup,right,2,enemies/n02_wolf/shadow/attack_windup/right_02.png,256,256,128,224,false
n02_wolf,shadow,body,attack_windup,left,2,enemies/n02_wolf/shadow/attack_windup/left_02.png,256,256,128,224,true
n02_wolf,shadow,body,attack_windup,right,3,enemies/n02_wolf/shadow/attack_windup/right_03.png,256,256,128,224,false
n02_wolf,shadow,body,attack_windup,left,3,enemies/n02_wolf/shadow/attack_windup/left_03.png,256,256,128,224,true
n02_wolf,shadow,body,attack_windup,right,4,enemies/n02_wolf/shadow/attack_windup/right_04.png,256,256,128,224,false
n02_wolf,shadow,body,attack_windup,left,4,enemies/n02_wolf/shadow/attack_windup/left_04.png,256,256,128,224,true
n02_wolf,shadow,body,attack_windup,back,1,enemies/n02_wolf/shadow/attack_windup/back_01.png,256,256,128,224,false
n02_wolf,shadow,body,attack_windup,back,2,enemies/n02_wolf/shadow/attack_windup/back_02.png,256,256,128,224,false
n02_wolf,shadow,body,attack_windup,back,3,enemies/n02_wolf/shadow/attack_windup/back_03.png,256,256,128,224,false
n02_wolf,shadow,body,attack_windup,back,4,enemies/n02_wolf/shadow/attack_windup/back_04.png,256,256,128,224,false
n02_wolf,shadow,body,attack_release,front,1,enemies/n02_wolf/shadow/attack_release/front_01.png,256,256,128,224,false
n02_wolf,shadow,body,attack_release,front,2,enemies/n02_wolf/shadow/attack_release/front_02.png,256,256,128,224,false
n02_wolf,shadow,body,attack_release,front,3,enemies/n02_wolf/shadow/attack_release/front_03.png,256,256,128,224,false
n02_wolf,shadow,body,attack_release,front,4,enemies/n02_wolf/shadow/attack_release/front_04.png,256,256,128,224,false
n02_wolf,shadow,body,attack_release,right,1,enemies/n02_wolf/shadow/attack_release/right_01.png,256,256,128,224,false
n02_wolf,shadow,body,attack_release,left,1,enemies/n02_wolf/shadow/attack_release/left_01.png,256,256,128,224,true
n02_wolf,shadow,body,attack_release,right,2,enemies/n02_wolf/shadow/attack_release/right_02.png,256,256,128,224,false
n02_wolf,shadow,body,attack_release,left,2,enemies/n02_wolf/shadow/attack_release/left_02.png,256,256,128,224,true
n02_wolf,shadow,body,attack_release,right,3,enemies/n02_wolf/shadow/attack_release/right_03.png,256,256,128,224,false
n02_wolf,shadow,body,attack_release,left,3,enemies/n02_wolf/shadow/attack_release/left_03.png,256,256,128,224,true
n02_wolf,shadow,body,attack_release,right,4,enemies/n02_wolf/shadow/attack_release/right_04.png,256,256,128,224,false
n02_wolf,shadow,body,attack_release,left,4,enemies/n02_wolf/shadow/attack_release/left_04.png,256,256,128,224,true
n02_wolf,shadow,body,attack_release,back,1,enemies/n02_wolf/shadow/attack_release/back_01.png,256,256,128,224,false
n02_wolf,shadow,body,attack_release,back,2,enemies/n02_wolf/shadow/attack_release/back_02.png,256,256,128,224,false
n02_wolf,shadow,body,attack_release,back,3,enemies/n02_wolf/shadow/attack_release/back_03.png,256,256,128,224,false
n02_wolf,shadow,body,attack_release,back,4,enemies/n02_wolf/shadow/attack_release/back_04.png,256,256,128,224,false
n02_wolf,shadow,body,attack_recovery,front,1,enemies/n02_wolf/shadow/attack_recovery/front_01.png,256,256,128,224,false
n02_wolf,shadow,body,attack_recovery,front,2,enemies/n02_wolf/shadow/attack_recovery/front_02.png,256,256,128,224,false
n02_wolf,shadow,body,attack_recovery,front,3,enemies/n02_wolf/shadow/attack_recovery/front_03.png,256,256,128,224,false
n02_wolf,shadow,body,attack_recovery,front,4,enemies/n02_wolf/shadow/attack_recovery/front_04.png,256,256,128,224,false
n02_wolf,shadow,body,attack_recovery,right,1,enemies/n02_wolf/shadow/attack_recovery/right_01.png,256,256,128,224,false
n02_wolf,shadow,body,attack_recovery,left,1,enemies/n02_wolf/shadow/attack_recovery/left_01.png,256,256,128,224,true
n02_wolf,shadow,body,attack_recovery,right,2,enemies/n02_wolf/shadow/attack_recovery/right_02.png,256,256,128,224,false
n02_wolf,shadow,body,attack_recovery,left,2,enemies/n02_wolf/shadow/attack_recovery/left_02.png,256,256,128,224,true
n02_wolf,shadow,body,attack_recovery,right,3,enemies/n02_wolf/shadow/attack_recovery/right_03.png,256,256,128,224,false
n02_wolf,shadow,body,attack_recovery,left,3,enemies/n02_wolf/shadow/attack_recovery/left_03.png,256,256,128,224,true
n02_wolf,shadow,body,attack_recovery,right,4,enemies/n02_wolf/shadow/attack_recovery/right_04.png,256,256,128,224,false
n02_wolf,shadow,body,attack_recovery,left,4,enemies/n02_wolf/shadow/attack_recovery/left_04.png,256,256,128,224,true
n02_wolf,shadow,body,attack_recovery,back,1,enemies/n02_wolf/shadow/attack_recovery/back_01.png,256,256,128,224,false
n02_wolf,shadow,body,attack_recovery,back,2,enemies/n02_wolf/shadow/attack_recovery/back_02.png,256,256,128,224,false
n02_wolf,shadow,body,attack_recovery,back,3,enemies/n02_wolf/shadow/attack_recovery/back_03.png,256,256,128,224,false
n02_wolf,shadow,body,attack_recovery,back,4,enemies/n02_wolf/shadow/attack_recovery/back_04.png,256,256,128,224,false
n02_wolf,shadow,body,hurt,front,1,enemies/n02_wolf/shadow/hurt/front_01.png,256,256,128,224,false
n02_wolf,shadow,body,hurt,front,2,enemies/n02_wolf/shadow/hurt/front_02.png,256,256,128,224,false
n02_wolf,shadow,body,hurt,front,3,enemies/n02_wolf/shadow/hurt/front_03.png,256,256,128,224,false
n02_wolf,shadow,body,hurt,front,4,enemies/n02_wolf/shadow/hurt/front_04.png,256,256,128,224,false
n02_wolf,shadow,body,hurt,right,1,enemies/n02_wolf/shadow/hurt/right_01.png,256,256,128,224,false
n02_wolf,shadow,body,hurt,left,1,enemies/n02_wolf/shadow/hurt/left_01.png,256,256,128,224,true
n02_wolf,shadow,body,hurt,right,2,enemies/n02_wolf/shadow/hurt/right_02.png,256,256,128,224,false
n02_wolf,shadow,body,hurt,left,2,enemies/n02_wolf/shadow/hurt/left_02.png,256,256,128,224,true
n02_wolf,shadow,body,hurt,right,3,enemies/n02_wolf/shadow/hurt/right_03.png,256,256,128,224,false
n02_wolf,shadow,body,hurt,left,3,enemies/n02_wolf/shadow/hurt/left_03.png,256,256,128,224,true
n02_wolf,shadow,body,hurt,right,4,enemies/n02_wolf/shadow/hurt/right_04.png,256,256,128,224,false
n02_wolf,shadow,body,hurt,left,4,enemies/n02_wolf/shadow/hurt/left_04.png,256,256,128,224,true
n02_wolf,shadow,body,hurt,back,1,enemies/n02_wolf/shadow/hurt/back_01.png,256,256,128,224,false
n02_wolf,shadow,body,hurt,back,2,enemies/n02_wolf/shadow/hurt/back_02.png,256,256,128,224,false
n02_wolf,shadow,body,hurt,back,3,enemies/n02_wolf/shadow/hurt/back_03.png,256,256,128,224,false
n02_wolf,shadow,body,hurt,back,4,enemies/n02_wolf/shadow/hurt/back_04.png,256,256,128,224,false
n02_wolf,shadow,body,death,front,1,enemies/n02_wolf/shadow/death/front_01.png,256,256,128,224,false
n02_wolf,shadow,body,death,front,2,enemies/n02_wolf/shadow/death/front_02.png,256,256,128,224,false
n02_wolf,shadow,body,death,front,3,enemies/n02_wolf/shadow/death/front_03.png,256,256,128,224,false
n02_wolf,shadow,body,death,front,4,enemies/n02_wolf/shadow/death/front_04.png,256,256,128,224,false
n02_wolf,shadow,body,death,right,1,enemies/n02_wolf/shadow/death/right_01.png,256,256,128,224,false
n02_wolf,shadow,body,death,left,1,enemies/n02_wolf/shadow/death/left_01.png,256,256,128,224,true
n02_wolf,shadow,body,death,right,2,enemies/n02_wolf/shadow/death/right_02.png,256,256,128,224,false
n02_wolf,shadow,body,death,left,2,enemies/n02_wolf/shadow/death/left_02.png,256,256,128,224,true
n02_wolf,shadow,body,death,right,3,enemies/n02_wolf/shadow/death/right_03.png,256,256,128,224,false
n02_wolf,shadow,body,death,left,3,enemies/n02_wolf/shadow/death/left_03.png,256,256,128,224,true
n02_wolf,shadow,body,death,right,4,enemies/n02_wolf/shadow/death/right_04.png,256,256,128,224,false
n02_wolf,shadow,body,death,left,4,enemies/n02_wolf/shadow/death/left_04.png,256,256,128,224,true
n02_wolf,shadow,body,death,back,1,enemies/n02_wolf/shadow/death/back_01.png,256,256,128,224,false
n02_wolf,shadow,body,death,back,2,enemies/n02_wolf/shadow/death/back_02.png,256,256,128,224,false
n02_wolf,shadow,body,death,back,3,enemies/n02_wolf/shadow/death/back_03.png,256,256,128,224,false
n02_wolf,shadow,body,death,back,4,enemies/n02_wolf/shadow/death/back_04.png,256,256,128,224,false
n03_golem,light,body,idle,front,1,enemies/n03_golem/light/idle/front_01.png,256,256,128,224,false
n03_golem,light,body,idle,front,2,enemies/n03_golem/light/idle/front_02.png,256,256,128,224,false
n03_golem,light,body,idle,front,3,enemies/n03_golem/light/idle/front_03.png,256,256,128,224,false
n03_golem,light,body,idle,front,4,enemies/n03_golem/light/idle/front_04.png,256,256,128,224,false
n03_golem,light,body,idle,right,1,enemies/n03_golem/light/idle/right_01.png,256,256,128,224,false
n03_golem,light,body,idle,left,1,enemies/n03_golem/light/idle/left_01.png,256,256,128,224,true
n03_golem,light,body,idle,right,2,enemies/n03_golem/light/idle/right_02.png,256,256,128,224,false
n03_golem,light,body,idle,left,2,enemies/n03_golem/light/idle/left_02.png,256,256,128,224,true
n03_golem,light,body,idle,right,3,enemies/n03_golem/light/idle/right_03.png,256,256,128,224,false
n03_golem,light,body,idle,left,3,enemies/n03_golem/light/idle/left_03.png,256,256,128,224,true
n03_golem,light,body,idle,right,4,enemies/n03_golem/light/idle/right_04.png,256,256,128,224,false
n03_golem,light,body,idle,left,4,enemies/n03_golem/light/idle/left_04.png,256,256,128,224,true
n03_golem,light,body,idle,back,1,enemies/n03_golem/light/idle/back_01.png,256,256,128,224,false
n03_golem,light,body,idle,back,2,enemies/n03_golem/light/idle/back_02.png,256,256,128,224,false
n03_golem,light,body,idle,back,3,enemies/n03_golem/light/idle/back_03.png,256,256,128,224,false
n03_golem,light,body,idle,back,4,enemies/n03_golem/light/idle/back_04.png,256,256,128,224,false
n03_golem,light,body,move,front,1,enemies/n03_golem/light/move/front_01.png,256,256,128,224,false
n03_golem,light,body,move,front,2,enemies/n03_golem/light/move/front_02.png,256,256,128,224,false
n03_golem,light,body,move,front,3,enemies/n03_golem/light/move/front_03.png,256,256,128,224,false
n03_golem,light,body,move,front,4,enemies/n03_golem/light/move/front_04.png,256,256,128,224,false
n03_golem,light,body,move,right,1,enemies/n03_golem/light/move/right_01.png,256,256,128,224,false
n03_golem,light,body,move,left,1,enemies/n03_golem/light/move/left_01.png,256,256,128,224,true
n03_golem,light,body,move,right,2,enemies/n03_golem/light/move/right_02.png,256,256,128,224,false
n03_golem,light,body,move,left,2,enemies/n03_golem/light/move/left_02.png,256,256,128,224,true
n03_golem,light,body,move,right,3,enemies/n03_golem/light/move/right_03.png,256,256,128,224,false
n03_golem,light,body,move,left,3,enemies/n03_golem/light/move/left_03.png,256,256,128,224,true
n03_golem,light,body,move,right,4,enemies/n03_golem/light/move/right_04.png,256,256,128,224,false
n03_golem,light,body,move,left,4,enemies/n03_golem/light/move/left_04.png,256,256,128,224,true
n03_golem,light,body,move,back,1,enemies/n03_golem/light/move/back_01.png,256,256,128,224,false
n03_golem,light,body,move,back,2,enemies/n03_golem/light/move/back_02.png,256,256,128,224,false
n03_golem,light,body,move,back,3,enemies/n03_golem/light/move/back_03.png,256,256,128,224,false
n03_golem,light,body,move,back,4,enemies/n03_golem/light/move/back_04.png,256,256,128,224,false
n03_golem,light,body,attack_windup,front,1,enemies/n03_golem/light/attack_windup/front_01.png,256,256,128,224,false
n03_golem,light,body,attack_windup,front,2,enemies/n03_golem/light/attack_windup/front_02.png,256,256,128,224,false
n03_golem,light,body,attack_windup,front,3,enemies/n03_golem/light/attack_windup/front_03.png,256,256,128,224,false
n03_golem,light,body,attack_windup,front,4,enemies/n03_golem/light/attack_windup/front_04.png,256,256,128,224,false
n03_golem,light,body,attack_windup,right,1,enemies/n03_golem/light/attack_windup/right_01.png,256,256,128,224,false
n03_golem,light,body,attack_windup,left,1,enemies/n03_golem/light/attack_windup/left_01.png,256,256,128,224,true
n03_golem,light,body,attack_windup,right,2,enemies/n03_golem/light/attack_windup/right_02.png,256,256,128,224,false
n03_golem,light,body,attack_windup,left,2,enemies/n03_golem/light/attack_windup/left_02.png,256,256,128,224,true
n03_golem,light,body,attack_windup,right,3,enemies/n03_golem/light/attack_windup/right_03.png,256,256,128,224,false
n03_golem,light,body,attack_windup,left,3,enemies/n03_golem/light/attack_windup/left_03.png,256,256,128,224,true
n03_golem,light,body,attack_windup,right,4,enemies/n03_golem/light/attack_windup/right_04.png,256,256,128,224,false
n03_golem,light,body,attack_windup,left,4,enemies/n03_golem/light/attack_windup/left_04.png,256,256,128,224,true
n03_golem,light,body,attack_windup,back,1,enemies/n03_golem/light/attack_windup/back_01.png,256,256,128,224,false
n03_golem,light,body,attack_windup,back,2,enemies/n03_golem/light/attack_windup/back_02.png,256,256,128,224,false
n03_golem,light,body,attack_windup,back,3,enemies/n03_golem/light/attack_windup/back_03.png,256,256,128,224,false
n03_golem,light,body,attack_windup,back,4,enemies/n03_golem/light/attack_windup/back_04.png,256,256,128,224,false
n03_golem,light,body,attack_release,front,1,enemies/n03_golem/light/attack_release/front_01.png,256,256,128,224,false
n03_golem,light,body,attack_release,front,2,enemies/n03_golem/light/attack_release/front_02.png,256,256,128,224,false
n03_golem,light,body,attack_release,front,3,enemies/n03_golem/light/attack_release/front_03.png,256,256,128,224,false
n03_golem,light,body,attack_release,front,4,enemies/n03_golem/light/attack_release/front_04.png,256,256,128,224,false
n03_golem,light,body,attack_release,right,1,enemies/n03_golem/light/attack_release/right_01.png,256,256,128,224,false
n03_golem,light,body,attack_release,left,1,enemies/n03_golem/light/attack_release/left_01.png,256,256,128,224,true
n03_golem,light,body,attack_release,right,2,enemies/n03_golem/light/attack_release/right_02.png,256,256,128,224,false
n03_golem,light,body,attack_release,left,2,enemies/n03_golem/light/attack_release/left_02.png,256,256,128,224,true
n03_golem,light,body,attack_release,right,3,enemies/n03_golem/light/attack_release/right_03.png,256,256,128,224,false
n03_golem,light,body,attack_release,left,3,enemies/n03_golem/light/attack_release/left_03.png,256,256,128,224,true
n03_golem,light,body,attack_release,right,4,enemies/n03_golem/light/attack_release/right_04.png,256,256,128,224,false
n03_golem,light,body,attack_release,left,4,enemies/n03_golem/light/attack_release/left_04.png,256,256,128,224,true
n03_golem,light,body,attack_release,back,1,enemies/n03_golem/light/attack_release/back_01.png,256,256,128,224,false
n03_golem,light,body,attack_release,back,2,enemies/n03_golem/light/attack_release/back_02.png,256,256,128,224,false
n03_golem,light,body,attack_release,back,3,enemies/n03_golem/light/attack_release/back_03.png,256,256,128,224,false
n03_golem,light,body,attack_release,back,4,enemies/n03_golem/light/attack_release/back_04.png,256,256,128,224,false
n03_golem,light,body,attack_recovery,front,1,enemies/n03_golem/light/attack_recovery/front_01.png,256,256,128,224,false
n03_golem,light,body,attack_recovery,front,2,enemies/n03_golem/light/attack_recovery/front_02.png,256,256,128,224,false
n03_golem,light,body,attack_recovery,front,3,enemies/n03_golem/light/attack_recovery/front_03.png,256,256,128,224,false
n03_golem,light,body,attack_recovery,front,4,enemies/n03_golem/light/attack_recovery/front_04.png,256,256,128,224,false
n03_golem,light,body,attack_recovery,right,1,enemies/n03_golem/light/attack_recovery/right_01.png,256,256,128,224,false
n03_golem,light,body,attack_recovery,left,1,enemies/n03_golem/light/attack_recovery/left_01.png,256,256,128,224,true
n03_golem,light,body,attack_recovery,right,2,enemies/n03_golem/light/attack_recovery/right_02.png,256,256,128,224,false
n03_golem,light,body,attack_recovery,left,2,enemies/n03_golem/light/attack_recovery/left_02.png,256,256,128,224,true
n03_golem,light,body,attack_recovery,right,3,enemies/n03_golem/light/attack_recovery/right_03.png,256,256,128,224,false
n03_golem,light,body,attack_recovery,left,3,enemies/n03_golem/light/attack_recovery/left_03.png,256,256,128,224,true
n03_golem,light,body,attack_recovery,right,4,enemies/n03_golem/light/attack_recovery/right_04.png,256,256,128,224,false
n03_golem,light,body,attack_recovery,left,4,enemies/n03_golem/light/attack_recovery/left_04.png,256,256,128,224,true
n03_golem,light,body,attack_recovery,back,1,enemies/n03_golem/light/attack_recovery/back_01.png,256,256,128,224,false
n03_golem,light,body,attack_recovery,back,2,enemies/n03_golem/light/attack_recovery/back_02.png,256,256,128,224,false
n03_golem,light,body,attack_recovery,back,3,enemies/n03_golem/light/attack_recovery/back_03.png,256,256,128,224,false
n03_golem,light,body,attack_recovery,back,4,enemies/n03_golem/light/attack_recovery/back_04.png,256,256,128,224,false
n03_golem,light,body,hurt,front,1,enemies/n03_golem/light/hurt/front_01.png,256,256,128,224,false
n03_golem,light,body,hurt,front,2,enemies/n03_golem/light/hurt/front_02.png,256,256,128,224,false
n03_golem,light,body,hurt,front,3,enemies/n03_golem/light/hurt/front_03.png,256,256,128,224,false
n03_golem,light,body,hurt,front,4,enemies/n03_golem/light/hurt/front_04.png,256,256,128,224,false
n03_golem,light,body,hurt,right,1,enemies/n03_golem/light/hurt/right_01.png,256,256,128,224,false
n03_golem,light,body,hurt,left,1,enemies/n03_golem/light/hurt/left_01.png,256,256,128,224,true
n03_golem,light,body,hurt,right,2,enemies/n03_golem/light/hurt/right_02.png,256,256,128,224,false
n03_golem,light,body,hurt,left,2,enemies/n03_golem/light/hurt/left_02.png,256,256,128,224,true
n03_golem,light,body,hurt,right,3,enemies/n03_golem/light/hurt/right_03.png,256,256,128,224,false
n03_golem,light,body,hurt,left,3,enemies/n03_golem/light/hurt/left_03.png,256,256,128,224,true
n03_golem,light,body,hurt,right,4,enemies/n03_golem/light/hurt/right_04.png,256,256,128,224,false
n03_golem,light,body,hurt,left,4,enemies/n03_golem/light/hurt/left_04.png,256,256,128,224,true
n03_golem,light,body,hurt,back,1,enemies/n03_golem/light/hurt/back_01.png,256,256,128,224,false
n03_golem,light,body,hurt,back,2,enemies/n03_golem/light/hurt/back_02.png,256,256,128,224,false
n03_golem,light,body,hurt,back,3,enemies/n03_golem/light/hurt/back_03.png,256,256,128,224,false
n03_golem,light,body,hurt,back,4,enemies/n03_golem/light/hurt/back_04.png,256,256,128,224,false
n03_golem,light,body,death,front,1,enemies/n03_golem/light/death/front_01.png,256,256,128,224,false
n03_golem,light,body,death,front,2,enemies/n03_golem/light/death/front_02.png,256,256,128,224,false
n03_golem,light,body,death,front,3,enemies/n03_golem/light/death/front_03.png,256,256,128,224,false
n03_golem,light,body,death,front,4,enemies/n03_golem/light/death/front_04.png,256,256,128,224,false
n03_golem,light,body,death,right,1,enemies/n03_golem/light/death/right_01.png,256,256,128,224,false
n03_golem,light,body,death,left,1,enemies/n03_golem/light/death/left_01.png,256,256,128,224,true
n03_golem,light,body,death,right,2,enemies/n03_golem/light/death/right_02.png,256,256,128,224,false
n03_golem,light,body,death,left,2,enemies/n03_golem/light/death/left_02.png,256,256,128,224,true
n03_golem,light,body,death,right,3,enemies/n03_golem/light/death/right_03.png,256,256,128,224,false
n03_golem,light,body,death,left,3,enemies/n03_golem/light/death/left_03.png,256,256,128,224,true
n03_golem,light,body,death,right,4,enemies/n03_golem/light/death/right_04.png,256,256,128,224,false
n03_golem,light,body,death,left,4,enemies/n03_golem/light/death/left_04.png,256,256,128,224,true
n03_golem,light,body,death,back,1,enemies/n03_golem/light/death/back_01.png,256,256,128,224,false
n03_golem,light,body,death,back,2,enemies/n03_golem/light/death/back_02.png,256,256,128,224,false
n03_golem,light,body,death,back,3,enemies/n03_golem/light/death/back_03.png,256,256,128,224,false
n03_golem,light,body,death,back,4,enemies/n03_golem/light/death/back_04.png,256,256,128,224,false
n03_golem,shadow,body,idle,front,1,enemies/n03_golem/shadow/idle/front_01.png,256,256,128,224,false
n03_golem,shadow,body,idle,front,2,enemies/n03_golem/shadow/idle/front_02.png,256,256,128,224,false
n03_golem,shadow,body,idle,front,3,enemies/n03_golem/shadow/idle/front_03.png,256,256,128,224,false
n03_golem,shadow,body,idle,front,4,enemies/n03_golem/shadow/idle/front_04.png,256,256,128,224,false
n03_golem,shadow,body,idle,right,1,enemies/n03_golem/shadow/idle/right_01.png,256,256,128,224,false
n03_golem,shadow,body,idle,left,1,enemies/n03_golem/shadow/idle/left_01.png,256,256,128,224,true
n03_golem,shadow,body,idle,right,2,enemies/n03_golem/shadow/idle/right_02.png,256,256,128,224,false
n03_golem,shadow,body,idle,left,2,enemies/n03_golem/shadow/idle/left_02.png,256,256,128,224,true
n03_golem,shadow,body,idle,right,3,enemies/n03_golem/shadow/idle/right_03.png,256,256,128,224,false
n03_golem,shadow,body,idle,left,3,enemies/n03_golem/shadow/idle/left_03.png,256,256,128,224,true
n03_golem,shadow,body,idle,right,4,enemies/n03_golem/shadow/idle/right_04.png,256,256,128,224,false
n03_golem,shadow,body,idle,left,4,enemies/n03_golem/shadow/idle/left_04.png,256,256,128,224,true
n03_golem,shadow,body,idle,back,1,enemies/n03_golem/shadow/idle/back_01.png,256,256,128,224,false
n03_golem,shadow,body,idle,back,2,enemies/n03_golem/shadow/idle/back_02.png,256,256,128,224,false
n03_golem,shadow,body,idle,back,3,enemies/n03_golem/shadow/idle/back_03.png,256,256,128,224,false
n03_golem,shadow,body,idle,back,4,enemies/n03_golem/shadow/idle/back_04.png,256,256,128,224,false
n03_golem,shadow,body,move,front,1,enemies/n03_golem/shadow/move/front_01.png,256,256,128,224,false
n03_golem,shadow,body,move,front,2,enemies/n03_golem/shadow/move/front_02.png,256,256,128,224,false
n03_golem,shadow,body,move,front,3,enemies/n03_golem/shadow/move/front_03.png,256,256,128,224,false
n03_golem,shadow,body,move,front,4,enemies/n03_golem/shadow/move/front_04.png,256,256,128,224,false
n03_golem,shadow,body,move,right,1,enemies/n03_golem/shadow/move/right_01.png,256,256,128,224,false
n03_golem,shadow,body,move,left,1,enemies/n03_golem/shadow/move/left_01.png,256,256,128,224,true
n03_golem,shadow,body,move,right,2,enemies/n03_golem/shadow/move/right_02.png,256,256,128,224,false
n03_golem,shadow,body,move,left,2,enemies/n03_golem/shadow/move/left_02.png,256,256,128,224,true
n03_golem,shadow,body,move,right,3,enemies/n03_golem/shadow/move/right_03.png,256,256,128,224,false
n03_golem,shadow,body,move,left,3,enemies/n03_golem/shadow/move/left_03.png,256,256,128,224,true
n03_golem,shadow,body,move,right,4,enemies/n03_golem/shadow/move/right_04.png,256,256,128,224,false
n03_golem,shadow,body,move,left,4,enemies/n03_golem/shadow/move/left_04.png,256,256,128,224,true
n03_golem,shadow,body,move,back,1,enemies/n03_golem/shadow/move/back_01.png,256,256,128,224,false
n03_golem,shadow,body,move,back,2,enemies/n03_golem/shadow/move/back_02.png,256,256,128,224,false
n03_golem,shadow,body,move,back,3,enemies/n03_golem/shadow/move/back_03.png,256,256,128,224,false
n03_golem,shadow,body,move,back,4,enemies/n03_golem/shadow/move/back_04.png,256,256,128,224,false
n03_golem,shadow,body,attack_windup,front,1,enemies/n03_golem/shadow/attack_windup/front_01.png,256,256,128,224,false
n03_golem,shadow,body,attack_windup,front,2,enemies/n03_golem/shadow/attack_windup/front_02.png,256,256,128,224,false
n03_golem,shadow,body,attack_windup,front,3,enemies/n03_golem/shadow/attack_windup/front_03.png,256,256,128,224,false
n03_golem,shadow,body,attack_windup,front,4,enemies/n03_golem/shadow/attack_windup/front_04.png,256,256,128,224,false
n03_golem,shadow,body,attack_windup,right,1,enemies/n03_golem/shadow/attack_windup/right_01.png,256,256,128,224,false
n03_golem,shadow,body,attack_windup,left,1,enemies/n03_golem/shadow/attack_windup/left_01.png,256,256,128,224,true
n03_golem,shadow,body,attack_windup,right,2,enemies/n03_golem/shadow/attack_windup/right_02.png,256,256,128,224,false
n03_golem,shadow,body,attack_windup,left,2,enemies/n03_golem/shadow/attack_windup/left_02.png,256,256,128,224,true
n03_golem,shadow,body,attack_windup,right,3,enemies/n03_golem/shadow/attack_windup/right_03.png,256,256,128,224,false
n03_golem,shadow,body,attack_windup,left,3,enemies/n03_golem/shadow/attack_windup/left_03.png,256,256,128,224,true
n03_golem,shadow,body,attack_windup,right,4,enemies/n03_golem/shadow/attack_windup/right_04.png,256,256,128,224,false
n03_golem,shadow,body,attack_windup,left,4,enemies/n03_golem/shadow/attack_windup/left_04.png,256,256,128,224,true
n03_golem,shadow,body,attack_windup,back,1,enemies/n03_golem/shadow/attack_windup/back_01.png,256,256,128,224,false
n03_golem,shadow,body,attack_windup,back,2,enemies/n03_golem/shadow/attack_windup/back_02.png,256,256,128,224,false
n03_golem,shadow,body,attack_windup,back,3,enemies/n03_golem/shadow/attack_windup/back_03.png,256,256,128,224,false
n03_golem,shadow,body,attack_windup,back,4,enemies/n03_golem/shadow/attack_windup/back_04.png,256,256,128,224,false
n03_golem,shadow,body,attack_release,front,1,enemies/n03_golem/shadow/attack_release/front_01.png,256,256,128,224,false
n03_golem,shadow,body,attack_release,front,2,enemies/n03_golem/shadow/attack_release/front_02.png,256,256,128,224,false
n03_golem,shadow,body,attack_release,front,3,enemies/n03_golem/shadow/attack_release/front_03.png,256,256,128,224,false
n03_golem,shadow,body,attack_release,front,4,enemies/n03_golem/shadow/attack_release/front_04.png,256,256,128,224,false
n03_golem,shadow,body,attack_release,right,1,enemies/n03_golem/shadow/attack_release/right_01.png,256,256,128,224,false
n03_golem,shadow,body,attack_release,left,1,enemies/n03_golem/shadow/attack_release/left_01.png,256,256,128,224,true
n03_golem,shadow,body,attack_release,right,2,enemies/n03_golem/shadow/attack_release/right_02.png,256,256,128,224,false
n03_golem,shadow,body,attack_release,left,2,enemies/n03_golem/shadow/attack_release/left_02.png,256,256,128,224,true
n03_golem,shadow,body,attack_release,right,3,enemies/n03_golem/shadow/attack_release/right_03.png,256,256,128,224,false
n03_golem,shadow,body,attack_release,left,3,enemies/n03_golem/shadow/attack_release/left_03.png,256,256,128,224,true
n03_golem,shadow,body,attack_release,right,4,enemies/n03_golem/shadow/attack_release/right_04.png,256,256,128,224,false
n03_golem,shadow,body,attack_release,left,4,enemies/n03_golem/shadow/attack_release/left_04.png,256,256,128,224,true
n03_golem,shadow,body,attack_release,back,1,enemies/n03_golem/shadow/attack_release/back_01.png,256,256,128,224,false
n03_golem,shadow,body,attack_release,back,2,enemies/n03_golem/shadow/attack_release/back_02.png,256,256,128,224,false
n03_golem,shadow,body,attack_release,back,3,enemies/n03_golem/shadow/attack_release/back_03.png,256,256,128,224,false
n03_golem,shadow,body,attack_release,back,4,enemies/n03_golem/shadow/attack_release/back_04.png,256,256,128,224,false
n03_golem,shadow,body,attack_recovery,front,1,enemies/n03_golem/shadow/attack_recovery/front_01.png,256,256,128,224,false
n03_golem,shadow,body,attack_recovery,front,2,enemies/n03_golem/shadow/attack_recovery/front_02.png,256,256,128,224,false
n03_golem,shadow,body,attack_recovery,front,3,enemies/n03_golem/shadow/attack_recovery/front_03.png,256,256,128,224,false
n03_golem,shadow,body,attack_recovery,front,4,enemies/n03_golem/shadow/attack_recovery/front_04.png,256,256,128,224,false
n03_golem,shadow,body,attack_recovery,right,1,enemies/n03_golem/shadow/attack_recovery/right_01.png,256,256,128,224,false
n03_golem,shadow,body,attack_recovery,left,1,enemies/n03_golem/shadow/attack_recovery/left_01.png,256,256,128,224,true
n03_golem,shadow,body,attack_recovery,right,2,enemies/n03_golem/shadow/attack_recovery/right_02.png,256,256,128,224,false
n03_golem,shadow,body,attack_recovery,left,2,enemies/n03_golem/shadow/attack_recovery/left_02.png,256,256,128,224,true
n03_golem,shadow,body,attack_recovery,right,3,enemies/n03_golem/shadow/attack_recovery/right_03.png,256,256,128,224,false
n03_golem,shadow,body,attack_recovery,left,3,enemies/n03_golem/shadow/attack_recovery/left_03.png,256,256,128,224,true
n03_golem,shadow,body,attack_recovery,right,4,enemies/n03_golem/shadow/attack_recovery/right_04.png,256,256,128,224,false
n03_golem,shadow,body,attack_recovery,left,4,enemies/n03_golem/shadow/attack_recovery/left_04.png,256,256,128,224,true
n03_golem,shadow,body,attack_recovery,back,1,enemies/n03_golem/shadow/attack_recovery/back_01.png,256,256,128,224,false
n03_golem,shadow,body,attack_recovery,back,2,enemies/n03_golem/shadow/attack_recovery/back_02.png,256,256,128,224,false
n03_golem,shadow,body,attack_recovery,back,3,enemies/n03_golem/shadow/attack_recovery/back_03.png,256,256,128,224,false
n03_golem,shadow,body,attack_recovery,back,4,enemies/n03_golem/shadow/attack_recovery/back_04.png,256,256,128,224,false
n03_golem,shadow,body,hurt,front,1,enemies/n03_golem/shadow/hurt/front_01.png,256,256,128,224,false
n03_golem,shadow,body,hurt,front,2,enemies/n03_golem/shadow/hurt/front_02.png,256,256,128,224,false
n03_golem,shadow,body,hurt,front,3,enemies/n03_golem/shadow/hurt/front_03.png,256,256,128,224,false
n03_golem,shadow,body,hurt,front,4,enemies/n03_golem/shadow/hurt/front_04.png,256,256,128,224,false
n03_golem,shadow,body,hurt,right,1,enemies/n03_golem/shadow/hurt/right_01.png,256,256,128,224,false
n03_golem,shadow,body,hurt,left,1,enemies/n03_golem/shadow/hurt/left_01.png,256,256,128,224,true
n03_golem,shadow,body,hurt,right,2,enemies/n03_golem/shadow/hurt/right_02.png,256,256,128,224,false
n03_golem,shadow,body,hurt,left,2,enemies/n03_golem/shadow/hurt/left_02.png,256,256,128,224,true
n03_golem,shadow,body,hurt,right,3,enemies/n03_golem/shadow/hurt/right_03.png,256,256,128,224,false
n03_golem,shadow,body,hurt,left,3,enemies/n03_golem/shadow/hurt/left_03.png,256,256,128,224,true
n03_golem,shadow,body,hurt,right,4,enemies/n03_golem/shadow/hurt/right_04.png,256,256,128,224,false
n03_golem,shadow,body,hurt,left,4,enemies/n03_golem/shadow/hurt/left_04.png,256,256,128,224,true
n03_golem,shadow,body,hurt,back,1,enemies/n03_golem/shadow/hurt/back_01.png,256,256,128,224,false
n03_golem,shadow,body,hurt,back,2,enemies/n03_golem/shadow/hurt/back_02.png,256,256,128,224,false
n03_golem,shadow,body,hurt,back,3,enemies/n03_golem/shadow/hurt/back_03.png,256,256,128,224,false
n03_golem,shadow,body,hurt,back,4,enemies/n03_golem/shadow/hurt/back_04.png,256,256,128,224,false
n03_golem,shadow,body,death,front,1,enemies/n03_golem/shadow/death/front_01.png,256,256,128,224,false
n03_golem,shadow,body,death,front,2,enemies/n03_golem/shadow/death/front_02.png,256,256,128,224,false
n03_golem,shadow,body,death,front,3,enemies/n03_golem/shadow/death/front_03.png,256,256,128,224,false
n03_golem,shadow,body,death,front,4,enemies/n03_golem/shadow/death/front_04.png,256,256,128,224,false
n03_golem,shadow,body,death,right,1,enemies/n03_golem/shadow/death/right_01.png,256,256,128,224,false
n03_golem,shadow,body,death,left,1,enemies/n03_golem/shadow/death/left_01.png,256,256,128,224,true
n03_golem,shadow,body,death,right,2,enemies/n03_golem/shadow/death/right_02.png,256,256,128,224,false
n03_golem,shadow,body,death,left,2,enemies/n03_golem/shadow/death/left_02.png,256,256,128,224,true
n03_golem,shadow,body,death,right,3,enemies/n03_golem/shadow/death/right_03.png,256,256,128,224,false
n03_golem,shadow,body,death,left,3,enemies/n03_golem/shadow/death/left_03.png,256,256,128,224,true
n03_golem,shadow,body,death,right,4,enemies/n03_golem/shadow/death/right_04.png,256,256,128,224,false
n03_golem,shadow,body,death,left,4,enemies/n03_golem/shadow/death/left_04.png,256,256,128,224,true
n03_golem,shadow,body,death,back,1,enemies/n03_golem/shadow/death/back_01.png,256,256,128,224,false
n03_golem,shadow,body,death,back,2,enemies/n03_golem/shadow/death/back_02.png,256,256,128,224,false
n03_golem,shadow,body,death,back,3,enemies/n03_golem/shadow/death/back_03.png,256,256,128,224,false
n03_golem,shadow,body,death,back,4,enemies/n03_golem/shadow/death/back_04.png,256,256,128,224,false
n04_mage,light,body,idle,front,1,enemies/n04_mage/light/idle/front_01.png,256,256,128,224,false
n04_mage,light,body,idle,front,2,enemies/n04_mage/light/idle/front_02.png,256,256,128,224,false
n04_mage,light,body,idle,front,3,enemies/n04_mage/light/idle/front_03.png,256,256,128,224,false
n04_mage,light,body,idle,front,4,enemies/n04_mage/light/idle/front_04.png,256,256,128,224,false
n04_mage,light,body,idle,right,1,enemies/n04_mage/light/idle/right_01.png,256,256,128,224,false
n04_mage,light,body,idle,left,1,enemies/n04_mage/light/idle/left_01.png,256,256,128,224,true
n04_mage,light,body,idle,right,2,enemies/n04_mage/light/idle/right_02.png,256,256,128,224,false
n04_mage,light,body,idle,left,2,enemies/n04_mage/light/idle/left_02.png,256,256,128,224,true
n04_mage,light,body,idle,right,3,enemies/n04_mage/light/idle/right_03.png,256,256,128,224,false
n04_mage,light,body,idle,left,3,enemies/n04_mage/light/idle/left_03.png,256,256,128,224,true
n04_mage,light,body,idle,right,4,enemies/n04_mage/light/idle/right_04.png,256,256,128,224,false
n04_mage,light,body,idle,left,4,enemies/n04_mage/light/idle/left_04.png,256,256,128,224,true
n04_mage,light,body,idle,back,1,enemies/n04_mage/light/idle/back_01.png,256,256,128,224,false
n04_mage,light,body,idle,back,2,enemies/n04_mage/light/idle/back_02.png,256,256,128,224,false
n04_mage,light,body,idle,back,3,enemies/n04_mage/light/idle/back_03.png,256,256,128,224,false
n04_mage,light,body,idle,back,4,enemies/n04_mage/light/idle/back_04.png,256,256,128,224,false
n04_mage,light,body,move,front,1,enemies/n04_mage/light/move/front_01.png,256,256,128,224,false
n04_mage,light,body,move,front,2,enemies/n04_mage/light/move/front_02.png,256,256,128,224,false
n04_mage,light,body,move,front,3,enemies/n04_mage/light/move/front_03.png,256,256,128,224,false
n04_mage,light,body,move,front,4,enemies/n04_mage/light/move/front_04.png,256,256,128,224,false
n04_mage,light,body,move,right,1,enemies/n04_mage/light/move/right_01.png,256,256,128,224,false
n04_mage,light,body,move,left,1,enemies/n04_mage/light/move/left_01.png,256,256,128,224,true
n04_mage,light,body,move,right,2,enemies/n04_mage/light/move/right_02.png,256,256,128,224,false
n04_mage,light,body,move,left,2,enemies/n04_mage/light/move/left_02.png,256,256,128,224,true
n04_mage,light,body,move,right,3,enemies/n04_mage/light/move/right_03.png,256,256,128,224,false
n04_mage,light,body,move,left,3,enemies/n04_mage/light/move/left_03.png,256,256,128,224,true
n04_mage,light,body,move,right,4,enemies/n04_mage/light/move/right_04.png,256,256,128,224,false
n04_mage,light,body,move,left,4,enemies/n04_mage/light/move/left_04.png,256,256,128,224,true
n04_mage,light,body,move,back,1,enemies/n04_mage/light/move/back_01.png,256,256,128,224,false
n04_mage,light,body,move,back,2,enemies/n04_mage/light/move/back_02.png,256,256,128,224,false
n04_mage,light,body,move,back,3,enemies/n04_mage/light/move/back_03.png,256,256,128,224,false
n04_mage,light,body,move,back,4,enemies/n04_mage/light/move/back_04.png,256,256,128,224,false
n04_mage,light,body,attack_windup,front,1,enemies/n04_mage/light/attack_windup/front_01.png,256,256,128,224,false
n04_mage,light,body,attack_windup,front,2,enemies/n04_mage/light/attack_windup/front_02.png,256,256,128,224,false
n04_mage,light,body,attack_windup,front,3,enemies/n04_mage/light/attack_windup/front_03.png,256,256,128,224,false
n04_mage,light,body,attack_windup,front,4,enemies/n04_mage/light/attack_windup/front_04.png,256,256,128,224,false
n04_mage,light,body,attack_windup,right,1,enemies/n04_mage/light/attack_windup/right_01.png,256,256,128,224,false
n04_mage,light,body,attack_windup,left,1,enemies/n04_mage/light/attack_windup/left_01.png,256,256,128,224,true
n04_mage,light,body,attack_windup,right,2,enemies/n04_mage/light/attack_windup/right_02.png,256,256,128,224,false
n04_mage,light,body,attack_windup,left,2,enemies/n04_mage/light/attack_windup/left_02.png,256,256,128,224,true
n04_mage,light,body,attack_windup,right,3,enemies/n04_mage/light/attack_windup/right_03.png,256,256,128,224,false
n04_mage,light,body,attack_windup,left,3,enemies/n04_mage/light/attack_windup/left_03.png,256,256,128,224,true
n04_mage,light,body,attack_windup,right,4,enemies/n04_mage/light/attack_windup/right_04.png,256,256,128,224,false
n04_mage,light,body,attack_windup,left,4,enemies/n04_mage/light/attack_windup/left_04.png,256,256,128,224,true
n04_mage,light,body,attack_windup,back,1,enemies/n04_mage/light/attack_windup/back_01.png,256,256,128,224,false
n04_mage,light,body,attack_windup,back,2,enemies/n04_mage/light/attack_windup/back_02.png,256,256,128,224,false
n04_mage,light,body,attack_windup,back,3,enemies/n04_mage/light/attack_windup/back_03.png,256,256,128,224,false
n04_mage,light,body,attack_windup,back,4,enemies/n04_mage/light/attack_windup/back_04.png,256,256,128,224,false
n04_mage,light,body,attack_release,front,1,enemies/n04_mage/light/attack_release/front_01.png,256,256,128,224,false
n04_mage,light,body,attack_release,front,2,enemies/n04_mage/light/attack_release/front_02.png,256,256,128,224,false
n04_mage,light,body,attack_release,front,3,enemies/n04_mage/light/attack_release/front_03.png,256,256,128,224,false
n04_mage,light,body,attack_release,front,4,enemies/n04_mage/light/attack_release/front_04.png,256,256,128,224,false
n04_mage,light,body,attack_release,right,1,enemies/n04_mage/light/attack_release/right_01.png,256,256,128,224,false
n04_mage,light,body,attack_release,left,1,enemies/n04_mage/light/attack_release/left_01.png,256,256,128,224,true
n04_mage,light,body,attack_release,right,2,enemies/n04_mage/light/attack_release/right_02.png,256,256,128,224,false
n04_mage,light,body,attack_release,left,2,enemies/n04_mage/light/attack_release/left_02.png,256,256,128,224,true
n04_mage,light,body,attack_release,right,3,enemies/n04_mage/light/attack_release/right_03.png,256,256,128,224,false
n04_mage,light,body,attack_release,left,3,enemies/n04_mage/light/attack_release/left_03.png,256,256,128,224,true
n04_mage,light,body,attack_release,right,4,enemies/n04_mage/light/attack_release/right_04.png,256,256,128,224,false
n04_mage,light,body,attack_release,left,4,enemies/n04_mage/light/attack_release/left_04.png,256,256,128,224,true
n04_mage,light,body,attack_release,back,1,enemies/n04_mage/light/attack_release/back_01.png,256,256,128,224,false
n04_mage,light,body,attack_release,back,2,enemies/n04_mage/light/attack_release/back_02.png,256,256,128,224,false
n04_mage,light,body,attack_release,back,3,enemies/n04_mage/light/attack_release/back_03.png,256,256,128,224,false
n04_mage,light,body,attack_release,back,4,enemies/n04_mage/light/attack_release/back_04.png,256,256,128,224,false
n04_mage,light,body,attack_recovery,front,1,enemies/n04_mage/light/attack_recovery/front_01.png,256,256,128,224,false
n04_mage,light,body,attack_recovery,front,2,enemies/n04_mage/light/attack_recovery/front_02.png,256,256,128,224,false
n04_mage,light,body,attack_recovery,front,3,enemies/n04_mage/light/attack_recovery/front_03.png,256,256,128,224,false
n04_mage,light,body,attack_recovery,front,4,enemies/n04_mage/light/attack_recovery/front_04.png,256,256,128,224,false
n04_mage,light,body,attack_recovery,right,1,enemies/n04_mage/light/attack_recovery/right_01.png,256,256,128,224,false
n04_mage,light,body,attack_recovery,left,1,enemies/n04_mage/light/attack_recovery/left_01.png,256,256,128,224,true
n04_mage,light,body,attack_recovery,right,2,enemies/n04_mage/light/attack_recovery/right_02.png,256,256,128,224,false
n04_mage,light,body,attack_recovery,left,2,enemies/n04_mage/light/attack_recovery/left_02.png,256,256,128,224,true
n04_mage,light,body,attack_recovery,right,3,enemies/n04_mage/light/attack_recovery/right_03.png,256,256,128,224,false
n04_mage,light,body,attack_recovery,left,3,enemies/n04_mage/light/attack_recovery/left_03.png,256,256,128,224,true
n04_mage,light,body,attack_recovery,right,4,enemies/n04_mage/light/attack_recovery/right_04.png,256,256,128,224,false
n04_mage,light,body,attack_recovery,left,4,enemies/n04_mage/light/attack_recovery/left_04.png,256,256,128,224,true
n04_mage,light,body,attack_recovery,back,1,enemies/n04_mage/light/attack_recovery/back_01.png,256,256,128,224,false
n04_mage,light,body,attack_recovery,back,2,enemies/n04_mage/light/attack_recovery/back_02.png,256,256,128,224,false
n04_mage,light,body,attack_recovery,back,3,enemies/n04_mage/light/attack_recovery/back_03.png,256,256,128,224,false
n04_mage,light,body,attack_recovery,back,4,enemies/n04_mage/light/attack_recovery/back_04.png,256,256,128,224,false
n04_mage,light,body,hurt,front,1,enemies/n04_mage/light/hurt/front_01.png,256,256,128,224,false
n04_mage,light,body,hurt,front,2,enemies/n04_mage/light/hurt/front_02.png,256,256,128,224,false
n04_mage,light,body,hurt,front,3,enemies/n04_mage/light/hurt/front_03.png,256,256,128,224,false
n04_mage,light,body,hurt,front,4,enemies/n04_mage/light/hurt/front_04.png,256,256,128,224,false
n04_mage,light,body,hurt,right,1,enemies/n04_mage/light/hurt/right_01.png,256,256,128,224,false
n04_mage,light,body,hurt,left,1,enemies/n04_mage/light/hurt/left_01.png,256,256,128,224,true
n04_mage,light,body,hurt,right,2,enemies/n04_mage/light/hurt/right_02.png,256,256,128,224,false
n04_mage,light,body,hurt,left,2,enemies/n04_mage/light/hurt/left_02.png,256,256,128,224,true
n04_mage,light,body,hurt,right,3,enemies/n04_mage/light/hurt/right_03.png,256,256,128,224,false
n04_mage,light,body,hurt,left,3,enemies/n04_mage/light/hurt/left_03.png,256,256,128,224,true
n04_mage,light,body,hurt,right,4,enemies/n04_mage/light/hurt/right_04.png,256,256,128,224,false
n04_mage,light,body,hurt,left,4,enemies/n04_mage/light/hurt/left_04.png,256,256,128,224,true
n04_mage,light,body,hurt,back,1,enemies/n04_mage/light/hurt/back_01.png,256,256,128,224,false
n04_mage,light,body,hurt,back,2,enemies/n04_mage/light/hurt/back_02.png,256,256,128,224,false
n04_mage,light,body,hurt,back,3,enemies/n04_mage/light/hurt/back_03.png,256,256,128,224,false
n04_mage,light,body,hurt,back,4,enemies/n04_mage/light/hurt/back_04.png,256,256,128,224,false
n04_mage,light,body,death,front,1,enemies/n04_mage/light/death/front_01.png,256,256,128,224,false
n04_mage,light,body,death,front,2,enemies/n04_mage/light/death/front_02.png,256,256,128,224,false
n04_mage,light,body,death,front,3,enemies/n04_mage/light/death/front_03.png,256,256,128,224,false
n04_mage,light,body,death,front,4,enemies/n04_mage/light/death/front_04.png,256,256,128,224,false
n04_mage,light,body,death,right,1,enemies/n04_mage/light/death/right_01.png,256,256,128,224,false
n04_mage,light,body,death,left,1,enemies/n04_mage/light/death/left_01.png,256,256,128,224,true
n04_mage,light,body,death,right,2,enemies/n04_mage/light/death/right_02.png,256,256,128,224,false
n04_mage,light,body,death,left,2,enemies/n04_mage/light/death/left_02.png,256,256,128,224,true
n04_mage,light,body,death,right,3,enemies/n04_mage/light/death/right_03.png,256,256,128,224,false
n04_mage,light,body,death,left,3,enemies/n04_mage/light/death/left_03.png,256,256,128,224,true
n04_mage,light,body,death,right,4,enemies/n04_mage/light/death/right_04.png,256,256,128,224,false
n04_mage,light,body,death,left,4,enemies/n04_mage/light/death/left_04.png,256,256,128,224,true
n04_mage,light,body,death,back,1,enemies/n04_mage/light/death/back_01.png,256,256,128,224,false
n04_mage,light,body,death,back,2,enemies/n04_mage/light/death/back_02.png,256,256,128,224,false
n04_mage,light,body,death,back,3,enemies/n04_mage/light/death/back_03.png,256,256,128,224,false
n04_mage,light,body,death,back,4,enemies/n04_mage/light/death/back_04.png,256,256,128,224,false
n04_mage,shadow,body,idle,front,1,enemies/n04_mage/shadow/idle/front_01.png,256,256,128,224,false
n04_mage,shadow,body,idle,front,2,enemies/n04_mage/shadow/idle/front_02.png,256,256,128,224,false
n04_mage,shadow,body,idle,front,3,enemies/n04_mage/shadow/idle/front_03.png,256,256,128,224,false
n04_mage,shadow,body,idle,front,4,enemies/n04_mage/shadow/idle/front_04.png,256,256,128,224,false
n04_mage,shadow,body,idle,right,1,enemies/n04_mage/shadow/idle/right_01.png,256,256,128,224,false
n04_mage,shadow,body,idle,left,1,enemies/n04_mage/shadow/idle/left_01.png,256,256,128,224,true
n04_mage,shadow,body,idle,right,2,enemies/n04_mage/shadow/idle/right_02.png,256,256,128,224,false
n04_mage,shadow,body,idle,left,2,enemies/n04_mage/shadow/idle/left_02.png,256,256,128,224,true
n04_mage,shadow,body,idle,right,3,enemies/n04_mage/shadow/idle/right_03.png,256,256,128,224,false
n04_mage,shadow,body,idle,left,3,enemies/n04_mage/shadow/idle/left_03.png,256,256,128,224,true
n04_mage,shadow,body,idle,right,4,enemies/n04_mage/shadow/idle/right_04.png,256,256,128,224,false
n04_mage,shadow,body,idle,left,4,enemies/n04_mage/shadow/idle/left_04.png,256,256,128,224,true
n04_mage,shadow,body,idle,back,1,enemies/n04_mage/shadow/idle/back_01.png,256,256,128,224,false
n04_mage,shadow,body,idle,back,2,enemies/n04_mage/shadow/idle/back_02.png,256,256,128,224,false
n04_mage,shadow,body,idle,back,3,enemies/n04_mage/shadow/idle/back_03.png,256,256,128,224,false
n04_mage,shadow,body,idle,back,4,enemies/n04_mage/shadow/idle/back_04.png,256,256,128,224,false
n04_mage,shadow,body,move,front,1,enemies/n04_mage/shadow/move/front_01.png,256,256,128,224,false
n04_mage,shadow,body,move,front,2,enemies/n04_mage/shadow/move/front_02.png,256,256,128,224,false
n04_mage,shadow,body,move,front,3,enemies/n04_mage/shadow/move/front_03.png,256,256,128,224,false
n04_mage,shadow,body,move,front,4,enemies/n04_mage/shadow/move/front_04.png,256,256,128,224,false
n04_mage,shadow,body,move,right,1,enemies/n04_mage/shadow/move/right_01.png,256,256,128,224,false
n04_mage,shadow,body,move,left,1,enemies/n04_mage/shadow/move/left_01.png,256,256,128,224,true
n04_mage,shadow,body,move,right,2,enemies/n04_mage/shadow/move/right_02.png,256,256,128,224,false
n04_mage,shadow,body,move,left,2,enemies/n04_mage/shadow/move/left_02.png,256,256,128,224,true
n04_mage,shadow,body,move,right,3,enemies/n04_mage/shadow/move/right_03.png,256,256,128,224,false
n04_mage,shadow,body,move,left,3,enemies/n04_mage/shadow/move/left_03.png,256,256,128,224,true
n04_mage,shadow,body,move,right,4,enemies/n04_mage/shadow/move/right_04.png,256,256,128,224,false
n04_mage,shadow,body,move,left,4,enemies/n04_mage/shadow/move/left_04.png,256,256,128,224,true
n04_mage,shadow,body,move,back,1,enemies/n04_mage/shadow/move/back_01.png,256,256,128,224,false
n04_mage,shadow,body,move,back,2,enemies/n04_mage/shadow/move/back_02.png,256,256,128,224,false
n04_mage,shadow,body,move,back,3,enemies/n04_mage/shadow/move/back_03.png,256,256,128,224,false
n04_mage,shadow,body,move,back,4,enemies/n04_mage/shadow/move/back_04.png,256,256,128,224,false
n04_mage,shadow,body,attack_windup,front,1,enemies/n04_mage/shadow/attack_windup/front_01.png,256,256,128,224,false
n04_mage,shadow,body,attack_windup,front,2,enemies/n04_mage/shadow/attack_windup/front_02.png,256,256,128,224,false
n04_mage,shadow,body,attack_windup,front,3,enemies/n04_mage/shadow/attack_windup/front_03.png,256,256,128,224,false
n04_mage,shadow,body,attack_windup,front,4,enemies/n04_mage/shadow/attack_windup/front_04.png,256,256,128,224,false
n04_mage,shadow,body,attack_windup,right,1,enemies/n04_mage/shadow/attack_windup/right_01.png,256,256,128,224,false
n04_mage,shadow,body,attack_windup,left,1,enemies/n04_mage/shadow/attack_windup/left_01.png,256,256,128,224,true
n04_mage,shadow,body,attack_windup,right,2,enemies/n04_mage/shadow/attack_windup/right_02.png,256,256,128,224,false
n04_mage,shadow,body,attack_windup,left,2,enemies/n04_mage/shadow/attack_windup/left_02.png,256,256,128,224,true
n04_mage,shadow,body,attack_windup,right,3,enemies/n04_mage/shadow/attack_windup/right_03.png,256,256,128,224,false
n04_mage,shadow,body,attack_windup,left,3,enemies/n04_mage/shadow/attack_windup/left_03.png,256,256,128,224,true
n04_mage,shadow,body,attack_windup,right,4,enemies/n04_mage/shadow/attack_windup/right_04.png,256,256,128,224,false
n04_mage,shadow,body,attack_windup,left,4,enemies/n04_mage/shadow/attack_windup/left_04.png,256,256,128,224,true
n04_mage,shadow,body,attack_windup,back,1,enemies/n04_mage/shadow/attack_windup/back_01.png,256,256,128,224,false
n04_mage,shadow,body,attack_windup,back,2,enemies/n04_mage/shadow/attack_windup/back_02.png,256,256,128,224,false
n04_mage,shadow,body,attack_windup,back,3,enemies/n04_mage/shadow/attack_windup/back_03.png,256,256,128,224,false
n04_mage,shadow,body,attack_windup,back,4,enemies/n04_mage/shadow/attack_windup/back_04.png,256,256,128,224,false
n04_mage,shadow,body,attack_release,front,1,enemies/n04_mage/shadow/attack_release/front_01.png,256,256,128,224,false
n04_mage,shadow,body,attack_release,front,2,enemies/n04_mage/shadow/attack_release/front_02.png,256,256,128,224,false
n04_mage,shadow,body,attack_release,front,3,enemies/n04_mage/shadow/attack_release/front_03.png,256,256,128,224,false
n04_mage,shadow,body,attack_release,front,4,enemies/n04_mage/shadow/attack_release/front_04.png,256,256,128,224,false
n04_mage,shadow,body,attack_release,right,1,enemies/n04_mage/shadow/attack_release/right_01.png,256,256,128,224,false
n04_mage,shadow,body,attack_release,left,1,enemies/n04_mage/shadow/attack_release/left_01.png,256,256,128,224,true
n04_mage,shadow,body,attack_release,right,2,enemies/n04_mage/shadow/attack_release/right_02.png,256,256,128,224,false
n04_mage,shadow,body,attack_release,left,2,enemies/n04_mage/shadow/attack_release/left_02.png,256,256,128,224,true
n04_mage,shadow,body,attack_release,right,3,enemies/n04_mage/shadow/attack_release/right_03.png,256,256,128,224,false
n04_mage,shadow,body,attack_release,left,3,enemies/n04_mage/shadow/attack_release/left_03.png,256,256,128,224,true
n04_mage,shadow,body,attack_release,right,4,enemies/n04_mage/shadow/attack_release/right_04.png,256,256,128,224,false
n04_mage,shadow,body,attack_release,left,4,enemies/n04_mage/shadow/attack_release/left_04.png,256,256,128,224,true
n04_mage,shadow,body,attack_release,back,1,enemies/n04_mage/shadow/attack_release/back_01.png,256,256,128,224,false
n04_mage,shadow,body,attack_release,back,2,enemies/n04_mage/shadow/attack_release/back_02.png,256,256,128,224,false
n04_mage,shadow,body,attack_release,back,3,enemies/n04_mage/shadow/attack_release/back_03.png,256,256,128,224,false
n04_mage,shadow,body,attack_release,back,4,enemies/n04_mage/shadow/attack_release/back_04.png,256,256,128,224,false
n04_mage,shadow,body,attack_recovery,front,1,enemies/n04_mage/shadow/attack_recovery/front_01.png,256,256,128,224,false
n04_mage,shadow,body,attack_recovery,front,2,enemies/n04_mage/shadow/attack_recovery/front_02.png,256,256,128,224,false
n04_mage,shadow,body,attack_recovery,front,3,enemies/n04_mage/shadow/attack_recovery/front_03.png,256,256,128,224,false
n04_mage,shadow,body,attack_recovery,front,4,enemies/n04_mage/shadow/attack_recovery/front_04.png,256,256,128,224,false
n04_mage,shadow,body,attack_recovery,right,1,enemies/n04_mage/shadow/attack_recovery/right_01.png,256,256,128,224,false
n04_mage,shadow,body,attack_recovery,left,1,enemies/n04_mage/shadow/attack_recovery/left_01.png,256,256,128,224,true
n04_mage,shadow,body,attack_recovery,right,2,enemies/n04_mage/shadow/attack_recovery/right_02.png,256,256,128,224,false
n04_mage,shadow,body,attack_recovery,left,2,enemies/n04_mage/shadow/attack_recovery/left_02.png,256,256,128,224,true
n04_mage,shadow,body,attack_recovery,right,3,enemies/n04_mage/shadow/attack_recovery/right_03.png,256,256,128,224,false
n04_mage,shadow,body,attack_recovery,left,3,enemies/n04_mage/shadow/attack_recovery/left_03.png,256,256,128,224,true
n04_mage,shadow,body,attack_recovery,right,4,enemies/n04_mage/shadow/attack_recovery/right_04.png,256,256,128,224,false
n04_mage,shadow,body,attack_recovery,left,4,enemies/n04_mage/shadow/attack_recovery/left_04.png,256,256,128,224,true
n04_mage,shadow,body,attack_recovery,back,1,enemies/n04_mage/shadow/attack_recovery/back_01.png,256,256,128,224,false
n04_mage,shadow,body,attack_recovery,back,2,enemies/n04_mage/shadow/attack_recovery/back_02.png,256,256,128,224,false
n04_mage,shadow,body,attack_recovery,back,3,enemies/n04_mage/shadow/attack_recovery/back_03.png,256,256,128,224,false
n04_mage,shadow,body,attack_recovery,back,4,enemies/n04_mage/shadow/attack_recovery/back_04.png,256,256,128,224,false
n04_mage,shadow,body,hurt,front,1,enemies/n04_mage/shadow/hurt/front_01.png,256,256,128,224,false
n04_mage,shadow,body,hurt,front,2,enemies/n04_mage/shadow/hurt/front_02.png,256,256,128,224,false
n04_mage,shadow,body,hurt,front,3,enemies/n04_mage/shadow/hurt/front_03.png,256,256,128,224,false
n04_mage,shadow,body,hurt,front,4,enemies/n04_mage/shadow/hurt/front_04.png,256,256,128,224,false
n04_mage,shadow,body,hurt,right,1,enemies/n04_mage/shadow/hurt/right_01.png,256,256,128,224,false
n04_mage,shadow,body,hurt,left,1,enemies/n04_mage/shadow/hurt/left_01.png,256,256,128,224,true
n04_mage,shadow,body,hurt,right,2,enemies/n04_mage/shadow/hurt/right_02.png,256,256,128,224,false
n04_mage,shadow,body,hurt,left,2,enemies/n04_mage/shadow/hurt/left_02.png,256,256,128,224,true
n04_mage,shadow,body,hurt,right,3,enemies/n04_mage/shadow/hurt/right_03.png,256,256,128,224,false
n04_mage,shadow,body,hurt,left,3,enemies/n04_mage/shadow/hurt/left_03.png,256,256,128,224,true
n04_mage,shadow,body,hurt,right,4,enemies/n04_mage/shadow/hurt/right_04.png,256,256,128,224,false
n04_mage,shadow,body,hurt,left,4,enemies/n04_mage/shadow/hurt/left_04.png,256,256,128,224,true
n04_mage,shadow,body,hurt,back,1,enemies/n04_mage/shadow/hurt/back_01.png,256,256,128,224,false
n04_mage,shadow,body,hurt,back,2,enemies/n04_mage/shadow/hurt/back_02.png,256,256,128,224,false
n04_mage,shadow,body,hurt,back,3,enemies/n04_mage/shadow/hurt/back_03.png,256,256,128,224,false
n04_mage,shadow,body,hurt,back,4,enemies/n04_mage/shadow/hurt/back_04.png,256,256,128,224,false
n04_mage,shadow,body,death,front,1,enemies/n04_mage/shadow/death/front_01.png,256,256,128,224,false
n04_mage,shadow,body,death,front,2,enemies/n04_mage/shadow/death/front_02.png,256,256,128,224,false
n04_mage,shadow,body,death,front,3,enemies/n04_mage/shadow/death/front_03.png,256,256,128,224,false
n04_mage,shadow,body,death,front,4,enemies/n04_mage/shadow/death/front_04.png,256,256,128,224,false
n04_mage,shadow,body,death,right,1,enemies/n04_mage/shadow/death/right_01.png,256,256,128,224,false
n04_mage,shadow,body,death,left,1,enemies/n04_mage/shadow/death/left_01.png,256,256,128,224,true
n04_mage,shadow,body,death,right,2,enemies/n04_mage/shadow/death/right_02.png,256,256,128,224,false
n04_mage,shadow,body,death,left,2,enemies/n04_mage/shadow/death/left_02.png,256,256,128,224,true
n04_mage,shadow,body,death,right,3,enemies/n04_mage/shadow/death/right_03.png,256,256,128,224,false
n04_mage,shadow,body,death,left,3,enemies/n04_mage/shadow/death/left_03.png,256,256,128,224,true
n04_mage,shadow,body,death,right,4,enemies/n04_mage/shadow/death/right_04.png,256,256,128,224,false
n04_mage,shadow,body,death,left,4,enemies/n04_mage/shadow/death/left_04.png,256,256,128,224,true
n04_mage,shadow,body,death,back,1,enemies/n04_mage/shadow/death/back_01.png,256,256,128,224,false
n04_mage,shadow,body,death,back,2,enemies/n04_mage/shadow/death/back_02.png,256,256,128,224,false
n04_mage,shadow,body,death,back,3,enemies/n04_mage/shadow/death/back_03.png,256,256,128,224,false
n04_mage,shadow,body,death,back,4,enemies/n04_mage/shadow/death/back_04.png,256,256,128,224,false
e01_executioner,light,body,idle,front,1,enemies/e01_executioner/light/idle/front_01.png,320,320,160,280,false
e01_executioner,light,body,idle,front,2,enemies/e01_executioner/light/idle/front_02.png,320,320,160,280,false
e01_executioner,light,body,idle,front,3,enemies/e01_executioner/light/idle/front_03.png,320,320,160,280,false
e01_executioner,light,body,idle,front,4,enemies/e01_executioner/light/idle/front_04.png,320,320,160,280,false
e01_executioner,light,body,idle,right,1,enemies/e01_executioner/light/idle/right_01.png,320,320,160,280,false
e01_executioner,light,body,idle,left,1,enemies/e01_executioner/light/idle/left_01.png,320,320,160,280,true
e01_executioner,light,body,idle,right,2,enemies/e01_executioner/light/idle/right_02.png,320,320,160,280,false
e01_executioner,light,body,idle,left,2,enemies/e01_executioner/light/idle/left_02.png,320,320,160,280,true
e01_executioner,light,body,idle,right,3,enemies/e01_executioner/light/idle/right_03.png,320,320,160,280,false
e01_executioner,light,body,idle,left,3,enemies/e01_executioner/light/idle/left_03.png,320,320,160,280,true
e01_executioner,light,body,idle,right,4,enemies/e01_executioner/light/idle/right_04.png,320,320,160,280,false
e01_executioner,light,body,idle,left,4,enemies/e01_executioner/light/idle/left_04.png,320,320,160,280,true
e01_executioner,light,body,idle,back,1,enemies/e01_executioner/light/idle/back_01.png,320,320,160,280,false
e01_executioner,light,body,idle,back,2,enemies/e01_executioner/light/idle/back_02.png,320,320,160,280,false
e01_executioner,light,body,idle,back,3,enemies/e01_executioner/light/idle/back_03.png,320,320,160,280,false
e01_executioner,light,body,idle,back,4,enemies/e01_executioner/light/idle/back_04.png,320,320,160,280,false
e01_executioner,light,body,move,front,1,enemies/e01_executioner/light/move/front_01.png,320,320,160,280,false
e01_executioner,light,body,move,front,2,enemies/e01_executioner/light/move/front_02.png,320,320,160,280,false
e01_executioner,light,body,move,front,3,enemies/e01_executioner/light/move/front_03.png,320,320,160,280,false
e01_executioner,light,body,move,front,4,enemies/e01_executioner/light/move/front_04.png,320,320,160,280,false
e01_executioner,light,body,move,right,1,enemies/e01_executioner/light/move/right_01.png,320,320,160,280,false
e01_executioner,light,body,move,left,1,enemies/e01_executioner/light/move/left_01.png,320,320,160,280,true
e01_executioner,light,body,move,right,2,enemies/e01_executioner/light/move/right_02.png,320,320,160,280,false
e01_executioner,light,body,move,left,2,enemies/e01_executioner/light/move/left_02.png,320,320,160,280,true
e01_executioner,light,body,move,right,3,enemies/e01_executioner/light/move/right_03.png,320,320,160,280,false
e01_executioner,light,body,move,left,3,enemies/e01_executioner/light/move/left_03.png,320,320,160,280,true
e01_executioner,light,body,move,right,4,enemies/e01_executioner/light/move/right_04.png,320,320,160,280,false
e01_executioner,light,body,move,left,4,enemies/e01_executioner/light/move/left_04.png,320,320,160,280,true
e01_executioner,light,body,move,back,1,enemies/e01_executioner/light/move/back_01.png,320,320,160,280,false
e01_executioner,light,body,move,back,2,enemies/e01_executioner/light/move/back_02.png,320,320,160,280,false
e01_executioner,light,body,move,back,3,enemies/e01_executioner/light/move/back_03.png,320,320,160,280,false
e01_executioner,light,body,move,back,4,enemies/e01_executioner/light/move/back_04.png,320,320,160,280,false
e01_executioner,light,body,attack_windup,front,1,enemies/e01_executioner/light/attack_windup/front_01.png,320,320,160,280,false
e01_executioner,light,body,attack_windup,front,2,enemies/e01_executioner/light/attack_windup/front_02.png,320,320,160,280,false
e01_executioner,light,body,attack_windup,front,3,enemies/e01_executioner/light/attack_windup/front_03.png,320,320,160,280,false
e01_executioner,light,body,attack_windup,front,4,enemies/e01_executioner/light/attack_windup/front_04.png,320,320,160,280,false
e01_executioner,light,body,attack_windup,right,1,enemies/e01_executioner/light/attack_windup/right_01.png,320,320,160,280,false
e01_executioner,light,body,attack_windup,left,1,enemies/e01_executioner/light/attack_windup/left_01.png,320,320,160,280,true
e01_executioner,light,body,attack_windup,right,2,enemies/e01_executioner/light/attack_windup/right_02.png,320,320,160,280,false
e01_executioner,light,body,attack_windup,left,2,enemies/e01_executioner/light/attack_windup/left_02.png,320,320,160,280,true
e01_executioner,light,body,attack_windup,right,3,enemies/e01_executioner/light/attack_windup/right_03.png,320,320,160,280,false
e01_executioner,light,body,attack_windup,left,3,enemies/e01_executioner/light/attack_windup/left_03.png,320,320,160,280,true
e01_executioner,light,body,attack_windup,right,4,enemies/e01_executioner/light/attack_windup/right_04.png,320,320,160,280,false
e01_executioner,light,body,attack_windup,left,4,enemies/e01_executioner/light/attack_windup/left_04.png,320,320,160,280,true
e01_executioner,light,body,attack_windup,back,1,enemies/e01_executioner/light/attack_windup/back_01.png,320,320,160,280,false
e01_executioner,light,body,attack_windup,back,2,enemies/e01_executioner/light/attack_windup/back_02.png,320,320,160,280,false
e01_executioner,light,body,attack_windup,back,3,enemies/e01_executioner/light/attack_windup/back_03.png,320,320,160,280,false
e01_executioner,light,body,attack_windup,back,4,enemies/e01_executioner/light/attack_windup/back_04.png,320,320,160,280,false
e01_executioner,light,body,attack_release,front,1,enemies/e01_executioner/light/attack_release/front_01.png,320,320,160,280,false
e01_executioner,light,body,attack_release,front,2,enemies/e01_executioner/light/attack_release/front_02.png,320,320,160,280,false
e01_executioner,light,body,attack_release,front,3,enemies/e01_executioner/light/attack_release/front_03.png,320,320,160,280,false
e01_executioner,light,body,attack_release,front,4,enemies/e01_executioner/light/attack_release/front_04.png,320,320,160,280,false
e01_executioner,light,body,attack_release,right,1,enemies/e01_executioner/light/attack_release/right_01.png,320,320,160,280,false
e01_executioner,light,body,attack_release,left,1,enemies/e01_executioner/light/attack_release/left_01.png,320,320,160,280,true
e01_executioner,light,body,attack_release,right,2,enemies/e01_executioner/light/attack_release/right_02.png,320,320,160,280,false
e01_executioner,light,body,attack_release,left,2,enemies/e01_executioner/light/attack_release/left_02.png,320,320,160,280,true
e01_executioner,light,body,attack_release,right,3,enemies/e01_executioner/light/attack_release/right_03.png,320,320,160,280,false
e01_executioner,light,body,attack_release,left,3,enemies/e01_executioner/light/attack_release/left_03.png,320,320,160,280,true
e01_executioner,light,body,attack_release,right,4,enemies/e01_executioner/light/attack_release/right_04.png,320,320,160,280,false
e01_executioner,light,body,attack_release,left,4,enemies/e01_executioner/light/attack_release/left_04.png,320,320,160,280,true
e01_executioner,light,body,attack_release,back,1,enemies/e01_executioner/light/attack_release/back_01.png,320,320,160,280,false
e01_executioner,light,body,attack_release,back,2,enemies/e01_executioner/light/attack_release/back_02.png,320,320,160,280,false
e01_executioner,light,body,attack_release,back,3,enemies/e01_executioner/light/attack_release/back_03.png,320,320,160,280,false
e01_executioner,light,body,attack_release,back,4,enemies/e01_executioner/light/attack_release/back_04.png,320,320,160,280,false
e01_executioner,light,body,attack_recovery,front,1,enemies/e01_executioner/light/attack_recovery/front_01.png,320,320,160,280,false
e01_executioner,light,body,attack_recovery,front,2,enemies/e01_executioner/light/attack_recovery/front_02.png,320,320,160,280,false
e01_executioner,light,body,attack_recovery,front,3,enemies/e01_executioner/light/attack_recovery/front_03.png,320,320,160,280,false
e01_executioner,light,body,attack_recovery,front,4,enemies/e01_executioner/light/attack_recovery/front_04.png,320,320,160,280,false
e01_executioner,light,body,attack_recovery,right,1,enemies/e01_executioner/light/attack_recovery/right_01.png,320,320,160,280,false
e01_executioner,light,body,attack_recovery,left,1,enemies/e01_executioner/light/attack_recovery/left_01.png,320,320,160,280,true
e01_executioner,light,body,attack_recovery,right,2,enemies/e01_executioner/light/attack_recovery/right_02.png,320,320,160,280,false
e01_executioner,light,body,attack_recovery,left,2,enemies/e01_executioner/light/attack_recovery/left_02.png,320,320,160,280,true
e01_executioner,light,body,attack_recovery,right,3,enemies/e01_executioner/light/attack_recovery/right_03.png,320,320,160,280,false
e01_executioner,light,body,attack_recovery,left,3,enemies/e01_executioner/light/attack_recovery/left_03.png,320,320,160,280,true
e01_executioner,light,body,attack_recovery,right,4,enemies/e01_executioner/light/attack_recovery/right_04.png,320,320,160,280,false
e01_executioner,light,body,attack_recovery,left,4,enemies/e01_executioner/light/attack_recovery/left_04.png,320,320,160,280,true
e01_executioner,light,body,attack_recovery,back,1,enemies/e01_executioner/light/attack_recovery/back_01.png,320,320,160,280,false
e01_executioner,light,body,attack_recovery,back,2,enemies/e01_executioner/light/attack_recovery/back_02.png,320,320,160,280,false
e01_executioner,light,body,attack_recovery,back,3,enemies/e01_executioner/light/attack_recovery/back_03.png,320,320,160,280,false
e01_executioner,light,body,attack_recovery,back,4,enemies/e01_executioner/light/attack_recovery/back_04.png,320,320,160,280,false
e01_executioner,light,body,hurt,front,1,enemies/e01_executioner/light/hurt/front_01.png,320,320,160,280,false
e01_executioner,light,body,hurt,front,2,enemies/e01_executioner/light/hurt/front_02.png,320,320,160,280,false
e01_executioner,light,body,hurt,front,3,enemies/e01_executioner/light/hurt/front_03.png,320,320,160,280,false
e01_executioner,light,body,hurt,front,4,enemies/e01_executioner/light/hurt/front_04.png,320,320,160,280,false
e01_executioner,light,body,hurt,right,1,enemies/e01_executioner/light/hurt/right_01.png,320,320,160,280,false
e01_executioner,light,body,hurt,left,1,enemies/e01_executioner/light/hurt/left_01.png,320,320,160,280,true
e01_executioner,light,body,hurt,right,2,enemies/e01_executioner/light/hurt/right_02.png,320,320,160,280,false
e01_executioner,light,body,hurt,left,2,enemies/e01_executioner/light/hurt/left_02.png,320,320,160,280,true
e01_executioner,light,body,hurt,right,3,enemies/e01_executioner/light/hurt/right_03.png,320,320,160,280,false
e01_executioner,light,body,hurt,left,3,enemies/e01_executioner/light/hurt/left_03.png,320,320,160,280,true
e01_executioner,light,body,hurt,right,4,enemies/e01_executioner/light/hurt/right_04.png,320,320,160,280,false
e01_executioner,light,body,hurt,left,4,enemies/e01_executioner/light/hurt/left_04.png,320,320,160,280,true
e01_executioner,light,body,hurt,back,1,enemies/e01_executioner/light/hurt/back_01.png,320,320,160,280,false
e01_executioner,light,body,hurt,back,2,enemies/e01_executioner/light/hurt/back_02.png,320,320,160,280,false
e01_executioner,light,body,hurt,back,3,enemies/e01_executioner/light/hurt/back_03.png,320,320,160,280,false
e01_executioner,light,body,hurt,back,4,enemies/e01_executioner/light/hurt/back_04.png,320,320,160,280,false
e01_executioner,light,body,death,front,1,enemies/e01_executioner/light/death/front_01.png,320,320,160,280,false
e01_executioner,light,body,death,front,2,enemies/e01_executioner/light/death/front_02.png,320,320,160,280,false
e01_executioner,light,body,death,front,3,enemies/e01_executioner/light/death/front_03.png,320,320,160,280,false
e01_executioner,light,body,death,front,4,enemies/e01_executioner/light/death/front_04.png,320,320,160,280,false
e01_executioner,light,body,death,right,1,enemies/e01_executioner/light/death/right_01.png,320,320,160,280,false
e01_executioner,light,body,death,left,1,enemies/e01_executioner/light/death/left_01.png,320,320,160,280,true
e01_executioner,light,body,death,right,2,enemies/e01_executioner/light/death/right_02.png,320,320,160,280,false
e01_executioner,light,body,death,left,2,enemies/e01_executioner/light/death/left_02.png,320,320,160,280,true
e01_executioner,light,body,death,right,3,enemies/e01_executioner/light/death/right_03.png,320,320,160,280,false
e01_executioner,light,body,death,left,3,enemies/e01_executioner/light/death/left_03.png,320,320,160,280,true
e01_executioner,light,body,death,right,4,enemies/e01_executioner/light/death/right_04.png,320,320,160,280,false
e01_executioner,light,body,death,left,4,enemies/e01_executioner/light/death/left_04.png,320,320,160,280,true
e01_executioner,light,body,death,back,1,enemies/e01_executioner/light/death/back_01.png,320,320,160,280,false
e01_executioner,light,body,death,back,2,enemies/e01_executioner/light/death/back_02.png,320,320,160,280,false
e01_executioner,light,body,death,back,3,enemies/e01_executioner/light/death/back_03.png,320,320,160,280,false
e01_executioner,light,body,death,back,4,enemies/e01_executioner/light/death/back_04.png,320,320,160,280,false
e01_executioner,shadow,body,idle,front,1,enemies/e01_executioner/shadow/idle/front_01.png,320,320,160,280,false
e01_executioner,shadow,body,idle,front,2,enemies/e01_executioner/shadow/idle/front_02.png,320,320,160,280,false
e01_executioner,shadow,body,idle,front,3,enemies/e01_executioner/shadow/idle/front_03.png,320,320,160,280,false
e01_executioner,shadow,body,idle,front,4,enemies/e01_executioner/shadow/idle/front_04.png,320,320,160,280,false
e01_executioner,shadow,body,idle,right,1,enemies/e01_executioner/shadow/idle/right_01.png,320,320,160,280,false
e01_executioner,shadow,body,idle,left,1,enemies/e01_executioner/shadow/idle/left_01.png,320,320,160,280,true
e01_executioner,shadow,body,idle,right,2,enemies/e01_executioner/shadow/idle/right_02.png,320,320,160,280,false
e01_executioner,shadow,body,idle,left,2,enemies/e01_executioner/shadow/idle/left_02.png,320,320,160,280,true
e01_executioner,shadow,body,idle,right,3,enemies/e01_executioner/shadow/idle/right_03.png,320,320,160,280,false
e01_executioner,shadow,body,idle,left,3,enemies/e01_executioner/shadow/idle/left_03.png,320,320,160,280,true
e01_executioner,shadow,body,idle,right,4,enemies/e01_executioner/shadow/idle/right_04.png,320,320,160,280,false
e01_executioner,shadow,body,idle,left,4,enemies/e01_executioner/shadow/idle/left_04.png,320,320,160,280,true
e01_executioner,shadow,body,idle,back,1,enemies/e01_executioner/shadow/idle/back_01.png,320,320,160,280,false
e01_executioner,shadow,body,idle,back,2,enemies/e01_executioner/shadow/idle/back_02.png,320,320,160,280,false
e01_executioner,shadow,body,idle,back,3,enemies/e01_executioner/shadow/idle/back_03.png,320,320,160,280,false
e01_executioner,shadow,body,idle,back,4,enemies/e01_executioner/shadow/idle/back_04.png,320,320,160,280,false
e01_executioner,shadow,body,move,front,1,enemies/e01_executioner/shadow/move/front_01.png,320,320,160,280,false
e01_executioner,shadow,body,move,front,2,enemies/e01_executioner/shadow/move/front_02.png,320,320,160,280,false
e01_executioner,shadow,body,move,front,3,enemies/e01_executioner/shadow/move/front_03.png,320,320,160,280,false
e01_executioner,shadow,body,move,front,4,enemies/e01_executioner/shadow/move/front_04.png,320,320,160,280,false
e01_executioner,shadow,body,move,right,1,enemies/e01_executioner/shadow/move/right_01.png,320,320,160,280,false
e01_executioner,shadow,body,move,left,1,enemies/e01_executioner/shadow/move/left_01.png,320,320,160,280,true
e01_executioner,shadow,body,move,right,2,enemies/e01_executioner/shadow/move/right_02.png,320,320,160,280,false
e01_executioner,shadow,body,move,left,2,enemies/e01_executioner/shadow/move/left_02.png,320,320,160,280,true
e01_executioner,shadow,body,move,right,3,enemies/e01_executioner/shadow/move/right_03.png,320,320,160,280,false
e01_executioner,shadow,body,move,left,3,enemies/e01_executioner/shadow/move/left_03.png,320,320,160,280,true
e01_executioner,shadow,body,move,right,4,enemies/e01_executioner/shadow/move/right_04.png,320,320,160,280,false
e01_executioner,shadow,body,move,left,4,enemies/e01_executioner/shadow/move/left_04.png,320,320,160,280,true
e01_executioner,shadow,body,move,back,1,enemies/e01_executioner/shadow/move/back_01.png,320,320,160,280,false
e01_executioner,shadow,body,move,back,2,enemies/e01_executioner/shadow/move/back_02.png,320,320,160,280,false
e01_executioner,shadow,body,move,back,3,enemies/e01_executioner/shadow/move/back_03.png,320,320,160,280,false
e01_executioner,shadow,body,move,back,4,enemies/e01_executioner/shadow/move/back_04.png,320,320,160,280,false
e01_executioner,shadow,body,attack_windup,front,1,enemies/e01_executioner/shadow/attack_windup/front_01.png,320,320,160,280,false
e01_executioner,shadow,body,attack_windup,front,2,enemies/e01_executioner/shadow/attack_windup/front_02.png,320,320,160,280,false
e01_executioner,shadow,body,attack_windup,front,3,enemies/e01_executioner/shadow/attack_windup/front_03.png,320,320,160,280,false
e01_executioner,shadow,body,attack_windup,front,4,enemies/e01_executioner/shadow/attack_windup/front_04.png,320,320,160,280,false
e01_executioner,shadow,body,attack_windup,right,1,enemies/e01_executioner/shadow/attack_windup/right_01.png,320,320,160,280,false
e01_executioner,shadow,body,attack_windup,left,1,enemies/e01_executioner/shadow/attack_windup/left_01.png,320,320,160,280,true
e01_executioner,shadow,body,attack_windup,right,2,enemies/e01_executioner/shadow/attack_windup/right_02.png,320,320,160,280,false
e01_executioner,shadow,body,attack_windup,left,2,enemies/e01_executioner/shadow/attack_windup/left_02.png,320,320,160,280,true
e01_executioner,shadow,body,attack_windup,right,3,enemies/e01_executioner/shadow/attack_windup/right_03.png,320,320,160,280,false
e01_executioner,shadow,body,attack_windup,left,3,enemies/e01_executioner/shadow/attack_windup/left_03.png,320,320,160,280,true
e01_executioner,shadow,body,attack_windup,right,4,enemies/e01_executioner/shadow/attack_windup/right_04.png,320,320,160,280,false
e01_executioner,shadow,body,attack_windup,left,4,enemies/e01_executioner/shadow/attack_windup/left_04.png,320,320,160,280,true
e01_executioner,shadow,body,attack_windup,back,1,enemies/e01_executioner/shadow/attack_windup/back_01.png,320,320,160,280,false
e01_executioner,shadow,body,attack_windup,back,2,enemies/e01_executioner/shadow/attack_windup/back_02.png,320,320,160,280,false
e01_executioner,shadow,body,attack_windup,back,3,enemies/e01_executioner/shadow/attack_windup/back_03.png,320,320,160,280,false
e01_executioner,shadow,body,attack_windup,back,4,enemies/e01_executioner/shadow/attack_windup/back_04.png,320,320,160,280,false
e01_executioner,shadow,body,attack_release,front,1,enemies/e01_executioner/shadow/attack_release/front_01.png,320,320,160,280,false
e01_executioner,shadow,body,attack_release,front,2,enemies/e01_executioner/shadow/attack_release/front_02.png,320,320,160,280,false
e01_executioner,shadow,body,attack_release,front,3,enemies/e01_executioner/shadow/attack_release/front_03.png,320,320,160,280,false
e01_executioner,shadow,body,attack_release,front,4,enemies/e01_executioner/shadow/attack_release/front_04.png,320,320,160,280,false
e01_executioner,shadow,body,attack_release,right,1,enemies/e01_executioner/shadow/attack_release/right_01.png,320,320,160,280,false
e01_executioner,shadow,body,attack_release,left,1,enemies/e01_executioner/shadow/attack_release/left_01.png,320,320,160,280,true
e01_executioner,shadow,body,attack_release,right,2,enemies/e01_executioner/shadow/attack_release/right_02.png,320,320,160,280,false
e01_executioner,shadow,body,attack_release,left,2,enemies/e01_executioner/shadow/attack_release/left_02.png,320,320,160,280,true
e01_executioner,shadow,body,attack_release,right,3,enemies/e01_executioner/shadow/attack_release/right_03.png,320,320,160,280,false
e01_executioner,shadow,body,attack_release,left,3,enemies/e01_executioner/shadow/attack_release/left_03.png,320,320,160,280,true
e01_executioner,shadow,body,attack_release,right,4,enemies/e01_executioner/shadow/attack_release/right_04.png,320,320,160,280,false
e01_executioner,shadow,body,attack_release,left,4,enemies/e01_executioner/shadow/attack_release/left_04.png,320,320,160,280,true
e01_executioner,shadow,body,attack_release,back,1,enemies/e01_executioner/shadow/attack_release/back_01.png,320,320,160,280,false
e01_executioner,shadow,body,attack_release,back,2,enemies/e01_executioner/shadow/attack_release/back_02.png,320,320,160,280,false
e01_executioner,shadow,body,attack_release,back,3,enemies/e01_executioner/shadow/attack_release/back_03.png,320,320,160,280,false
e01_executioner,shadow,body,attack_release,back,4,enemies/e01_executioner/shadow/attack_release/back_04.png,320,320,160,280,false
e01_executioner,shadow,body,attack_recovery,front,1,enemies/e01_executioner/shadow/attack_recovery/front_01.png,320,320,160,280,false
e01_executioner,shadow,body,attack_recovery,front,2,enemies/e01_executioner/shadow/attack_recovery/front_02.png,320,320,160,280,false
e01_executioner,shadow,body,attack_recovery,front,3,enemies/e01_executioner/shadow/attack_recovery/front_03.png,320,320,160,280,false
e01_executioner,shadow,body,attack_recovery,front,4,enemies/e01_executioner/shadow/attack_recovery/front_04.png,320,320,160,280,false
e01_executioner,shadow,body,attack_recovery,right,1,enemies/e01_executioner/shadow/attack_recovery/right_01.png,320,320,160,280,false
e01_executioner,shadow,body,attack_recovery,left,1,enemies/e01_executioner/shadow/attack_recovery/left_01.png,320,320,160,280,true
e01_executioner,shadow,body,attack_recovery,right,2,enemies/e01_executioner/shadow/attack_recovery/right_02.png,320,320,160,280,false
e01_executioner,shadow,body,attack_recovery,left,2,enemies/e01_executioner/shadow/attack_recovery/left_02.png,320,320,160,280,true
e01_executioner,shadow,body,attack_recovery,right,3,enemies/e01_executioner/shadow/attack_recovery/right_03.png,320,320,160,280,false
e01_executioner,shadow,body,attack_recovery,left,3,enemies/e01_executioner/shadow/attack_recovery/left_03.png,320,320,160,280,true
e01_executioner,shadow,body,attack_recovery,right,4,enemies/e01_executioner/shadow/attack_recovery/right_04.png,320,320,160,280,false
e01_executioner,shadow,body,attack_recovery,left,4,enemies/e01_executioner/shadow/attack_recovery/left_04.png,320,320,160,280,true
e01_executioner,shadow,body,attack_recovery,back,1,enemies/e01_executioner/shadow/attack_recovery/back_01.png,320,320,160,280,false
e01_executioner,shadow,body,attack_recovery,back,2,enemies/e01_executioner/shadow/attack_recovery/back_02.png,320,320,160,280,false
e01_executioner,shadow,body,attack_recovery,back,3,enemies/e01_executioner/shadow/attack_recovery/back_03.png,320,320,160,280,false
e01_executioner,shadow,body,attack_recovery,back,4,enemies/e01_executioner/shadow/attack_recovery/back_04.png,320,320,160,280,false
e01_executioner,shadow,body,hurt,front,1,enemies/e01_executioner/shadow/hurt/front_01.png,320,320,160,280,false
e01_executioner,shadow,body,hurt,front,2,enemies/e01_executioner/shadow/hurt/front_02.png,320,320,160,280,false
e01_executioner,shadow,body,hurt,front,3,enemies/e01_executioner/shadow/hurt/front_03.png,320,320,160,280,false
e01_executioner,shadow,body,hurt,front,4,enemies/e01_executioner/shadow/hurt/front_04.png,320,320,160,280,false
e01_executioner,shadow,body,hurt,right,1,enemies/e01_executioner/shadow/hurt/right_01.png,320,320,160,280,false
e01_executioner,shadow,body,hurt,left,1,enemies/e01_executioner/shadow/hurt/left_01.png,320,320,160,280,true
e01_executioner,shadow,body,hurt,right,2,enemies/e01_executioner/shadow/hurt/right_02.png,320,320,160,280,false
e01_executioner,shadow,body,hurt,left,2,enemies/e01_executioner/shadow/hurt/left_02.png,320,320,160,280,true
e01_executioner,shadow,body,hurt,right,3,enemies/e01_executioner/shadow/hurt/right_03.png,320,320,160,280,false
e01_executioner,shadow,body,hurt,left,3,enemies/e01_executioner/shadow/hurt/left_03.png,320,320,160,280,true
e01_executioner,shadow,body,hurt,right,4,enemies/e01_executioner/shadow/hurt/right_04.png,320,320,160,280,false
e01_executioner,shadow,body,hurt,left,4,enemies/e01_executioner/shadow/hurt/left_04.png,320,320,160,280,true
e01_executioner,shadow,body,hurt,back,1,enemies/e01_executioner/shadow/hurt/back_01.png,320,320,160,280,false
e01_executioner,shadow,body,hurt,back,2,enemies/e01_executioner/shadow/hurt/back_02.png,320,320,160,280,false
e01_executioner,shadow,body,hurt,back,3,enemies/e01_executioner/shadow/hurt/back_03.png,320,320,160,280,false
e01_executioner,shadow,body,hurt,back,4,enemies/e01_executioner/shadow/hurt/back_04.png,320,320,160,280,false
e01_executioner,shadow,body,death,front,1,enemies/e01_executioner/shadow/death/front_01.png,320,320,160,280,false
e01_executioner,shadow,body,death,front,2,enemies/e01_executioner/shadow/death/front_02.png,320,320,160,280,false
e01_executioner,shadow,body,death,front,3,enemies/e01_executioner/shadow/death/front_03.png,320,320,160,280,false
e01_executioner,shadow,body,death,front,4,enemies/e01_executioner/shadow/death/front_04.png,320,320,160,280,false
e01_executioner,shadow,body,death,right,1,enemies/e01_executioner/shadow/death/right_01.png,320,320,160,280,false
e01_executioner,shadow,body,death,left,1,enemies/e01_executioner/shadow/death/left_01.png,320,320,160,280,true
e01_executioner,shadow,body,death,right,2,enemies/e01_executioner/shadow/death/right_02.png,320,320,160,280,false
e01_executioner,shadow,body,death,left,2,enemies/e01_executioner/shadow/death/left_02.png,320,320,160,280,true
e01_executioner,shadow,body,death,right,3,enemies/e01_executioner/shadow/death/right_03.png,320,320,160,280,false
e01_executioner,shadow,body,death,left,3,enemies/e01_executioner/shadow/death/left_03.png,320,320,160,280,true
e01_executioner,shadow,body,death,right,4,enemies/e01_executioner/shadow/death/right_04.png,320,320,160,280,false
e01_executioner,shadow,body,death,left,4,enemies/e01_executioner/shadow/death/left_04.png,320,320,160,280,true
e01_executioner,shadow,body,death,back,1,enemies/e01_executioner/shadow/death/back_01.png,320,320,160,280,false
e01_executioner,shadow,body,death,back,2,enemies/e01_executioner/shadow/death/back_02.png,320,320,160,280,false
e01_executioner,shadow,body,death,back,3,enemies/e01_executioner/shadow/death/back_03.png,320,320,160,280,false
e01_executioner,shadow,body,death,back,4,enemies/e01_executioner/shadow/death/back_04.png,320,320,160,280,false
e02_bell,light,body,idle,front,1,enemies/e02_bell/light/idle/front_01.png,320,320,160,280,false
e02_bell,light,body,idle,front,2,enemies/e02_bell/light/idle/front_02.png,320,320,160,280,false
e02_bell,light,body,idle,front,3,enemies/e02_bell/light/idle/front_03.png,320,320,160,280,false
e02_bell,light,body,idle,front,4,enemies/e02_bell/light/idle/front_04.png,320,320,160,280,false
e02_bell,light,body,idle,right,1,enemies/e02_bell/light/idle/right_01.png,320,320,160,280,false
e02_bell,light,body,idle,left,1,enemies/e02_bell/light/idle/left_01.png,320,320,160,280,true
e02_bell,light,body,idle,right,2,enemies/e02_bell/light/idle/right_02.png,320,320,160,280,false
e02_bell,light,body,idle,left,2,enemies/e02_bell/light/idle/left_02.png,320,320,160,280,true
e02_bell,light,body,idle,right,3,enemies/e02_bell/light/idle/right_03.png,320,320,160,280,false
e02_bell,light,body,idle,left,3,enemies/e02_bell/light/idle/left_03.png,320,320,160,280,true
e02_bell,light,body,idle,right,4,enemies/e02_bell/light/idle/right_04.png,320,320,160,280,false
e02_bell,light,body,idle,left,4,enemies/e02_bell/light/idle/left_04.png,320,320,160,280,true
e02_bell,light,body,idle,back,1,enemies/e02_bell/light/idle/back_01.png,320,320,160,280,false
e02_bell,light,body,idle,back,2,enemies/e02_bell/light/idle/back_02.png,320,320,160,280,false
e02_bell,light,body,idle,back,3,enemies/e02_bell/light/idle/back_03.png,320,320,160,280,false
e02_bell,light,body,idle,back,4,enemies/e02_bell/light/idle/back_04.png,320,320,160,280,false
e02_bell,light,body,move,front,1,enemies/e02_bell/light/move/front_01.png,320,320,160,280,false
e02_bell,light,body,move,front,2,enemies/e02_bell/light/move/front_02.png,320,320,160,280,false
e02_bell,light,body,move,front,3,enemies/e02_bell/light/move/front_03.png,320,320,160,280,false
e02_bell,light,body,move,front,4,enemies/e02_bell/light/move/front_04.png,320,320,160,280,false
e02_bell,light,body,move,right,1,enemies/e02_bell/light/move/right_01.png,320,320,160,280,false
e02_bell,light,body,move,left,1,enemies/e02_bell/light/move/left_01.png,320,320,160,280,true
e02_bell,light,body,move,right,2,enemies/e02_bell/light/move/right_02.png,320,320,160,280,false
e02_bell,light,body,move,left,2,enemies/e02_bell/light/move/left_02.png,320,320,160,280,true
e02_bell,light,body,move,right,3,enemies/e02_bell/light/move/right_03.png,320,320,160,280,false
e02_bell,light,body,move,left,3,enemies/e02_bell/light/move/left_03.png,320,320,160,280,true
e02_bell,light,body,move,right,4,enemies/e02_bell/light/move/right_04.png,320,320,160,280,false
e02_bell,light,body,move,left,4,enemies/e02_bell/light/move/left_04.png,320,320,160,280,true
e02_bell,light,body,move,back,1,enemies/e02_bell/light/move/back_01.png,320,320,160,280,false
e02_bell,light,body,move,back,2,enemies/e02_bell/light/move/back_02.png,320,320,160,280,false
e02_bell,light,body,move,back,3,enemies/e02_bell/light/move/back_03.png,320,320,160,280,false
e02_bell,light,body,move,back,4,enemies/e02_bell/light/move/back_04.png,320,320,160,280,false
e02_bell,light,body,attack_windup,front,1,enemies/e02_bell/light/attack_windup/front_01.png,320,320,160,280,false
e02_bell,light,body,attack_windup,front,2,enemies/e02_bell/light/attack_windup/front_02.png,320,320,160,280,false
e02_bell,light,body,attack_windup,front,3,enemies/e02_bell/light/attack_windup/front_03.png,320,320,160,280,false
e02_bell,light,body,attack_windup,front,4,enemies/e02_bell/light/attack_windup/front_04.png,320,320,160,280,false
e02_bell,light,body,attack_windup,right,1,enemies/e02_bell/light/attack_windup/right_01.png,320,320,160,280,false
e02_bell,light,body,attack_windup,left,1,enemies/e02_bell/light/attack_windup/left_01.png,320,320,160,280,true
e02_bell,light,body,attack_windup,right,2,enemies/e02_bell/light/attack_windup/right_02.png,320,320,160,280,false
e02_bell,light,body,attack_windup,left,2,enemies/e02_bell/light/attack_windup/left_02.png,320,320,160,280,true
e02_bell,light,body,attack_windup,right,3,enemies/e02_bell/light/attack_windup/right_03.png,320,320,160,280,false
e02_bell,light,body,attack_windup,left,3,enemies/e02_bell/light/attack_windup/left_03.png,320,320,160,280,true
e02_bell,light,body,attack_windup,right,4,enemies/e02_bell/light/attack_windup/right_04.png,320,320,160,280,false
e02_bell,light,body,attack_windup,left,4,enemies/e02_bell/light/attack_windup/left_04.png,320,320,160,280,true
e02_bell,light,body,attack_windup,back,1,enemies/e02_bell/light/attack_windup/back_01.png,320,320,160,280,false
e02_bell,light,body,attack_windup,back,2,enemies/e02_bell/light/attack_windup/back_02.png,320,320,160,280,false
e02_bell,light,body,attack_windup,back,3,enemies/e02_bell/light/attack_windup/back_03.png,320,320,160,280,false
e02_bell,light,body,attack_windup,back,4,enemies/e02_bell/light/attack_windup/back_04.png,320,320,160,280,false
e02_bell,light,body,attack_release,front,1,enemies/e02_bell/light/attack_release/front_01.png,320,320,160,280,false
e02_bell,light,body,attack_release,front,2,enemies/e02_bell/light/attack_release/front_02.png,320,320,160,280,false
e02_bell,light,body,attack_release,front,3,enemies/e02_bell/light/attack_release/front_03.png,320,320,160,280,false
e02_bell,light,body,attack_release,front,4,enemies/e02_bell/light/attack_release/front_04.png,320,320,160,280,false
e02_bell,light,body,attack_release,right,1,enemies/e02_bell/light/attack_release/right_01.png,320,320,160,280,false
e02_bell,light,body,attack_release,left,1,enemies/e02_bell/light/attack_release/left_01.png,320,320,160,280,true
e02_bell,light,body,attack_release,right,2,enemies/e02_bell/light/attack_release/right_02.png,320,320,160,280,false
e02_bell,light,body,attack_release,left,2,enemies/e02_bell/light/attack_release/left_02.png,320,320,160,280,true
e02_bell,light,body,attack_release,right,3,enemies/e02_bell/light/attack_release/right_03.png,320,320,160,280,false
e02_bell,light,body,attack_release,left,3,enemies/e02_bell/light/attack_release/left_03.png,320,320,160,280,true
e02_bell,light,body,attack_release,right,4,enemies/e02_bell/light/attack_release/right_04.png,320,320,160,280,false
e02_bell,light,body,attack_release,left,4,enemies/e02_bell/light/attack_release/left_04.png,320,320,160,280,true
e02_bell,light,body,attack_release,back,1,enemies/e02_bell/light/attack_release/back_01.png,320,320,160,280,false
e02_bell,light,body,attack_release,back,2,enemies/e02_bell/light/attack_release/back_02.png,320,320,160,280,false
e02_bell,light,body,attack_release,back,3,enemies/e02_bell/light/attack_release/back_03.png,320,320,160,280,false
e02_bell,light,body,attack_release,back,4,enemies/e02_bell/light/attack_release/back_04.png,320,320,160,280,false
e02_bell,light,body,attack_recovery,front,1,enemies/e02_bell/light/attack_recovery/front_01.png,320,320,160,280,false
e02_bell,light,body,attack_recovery,front,2,enemies/e02_bell/light/attack_recovery/front_02.png,320,320,160,280,false
e02_bell,light,body,attack_recovery,front,3,enemies/e02_bell/light/attack_recovery/front_03.png,320,320,160,280,false
e02_bell,light,body,attack_recovery,front,4,enemies/e02_bell/light/attack_recovery/front_04.png,320,320,160,280,false
e02_bell,light,body,attack_recovery,right,1,enemies/e02_bell/light/attack_recovery/right_01.png,320,320,160,280,false
e02_bell,light,body,attack_recovery,left,1,enemies/e02_bell/light/attack_recovery/left_01.png,320,320,160,280,true
e02_bell,light,body,attack_recovery,right,2,enemies/e02_bell/light/attack_recovery/right_02.png,320,320,160,280,false
e02_bell,light,body,attack_recovery,left,2,enemies/e02_bell/light/attack_recovery/left_02.png,320,320,160,280,true
e02_bell,light,body,attack_recovery,right,3,enemies/e02_bell/light/attack_recovery/right_03.png,320,320,160,280,false
e02_bell,light,body,attack_recovery,left,3,enemies/e02_bell/light/attack_recovery/left_03.png,320,320,160,280,true
e02_bell,light,body,attack_recovery,right,4,enemies/e02_bell/light/attack_recovery/right_04.png,320,320,160,280,false
e02_bell,light,body,attack_recovery,left,4,enemies/e02_bell/light/attack_recovery/left_04.png,320,320,160,280,true
e02_bell,light,body,attack_recovery,back,1,enemies/e02_bell/light/attack_recovery/back_01.png,320,320,160,280,false
e02_bell,light,body,attack_recovery,back,2,enemies/e02_bell/light/attack_recovery/back_02.png,320,320,160,280,false
e02_bell,light,body,attack_recovery,back,3,enemies/e02_bell/light/attack_recovery/back_03.png,320,320,160,280,false
e02_bell,light,body,attack_recovery,back,4,enemies/e02_bell/light/attack_recovery/back_04.png,320,320,160,280,false
e02_bell,light,body,hurt,front,1,enemies/e02_bell/light/hurt/front_01.png,320,320,160,280,false
e02_bell,light,body,hurt,front,2,enemies/e02_bell/light/hurt/front_02.png,320,320,160,280,false
e02_bell,light,body,hurt,front,3,enemies/e02_bell/light/hurt/front_03.png,320,320,160,280,false
e02_bell,light,body,hurt,front,4,enemies/e02_bell/light/hurt/front_04.png,320,320,160,280,false
e02_bell,light,body,hurt,right,1,enemies/e02_bell/light/hurt/right_01.png,320,320,160,280,false
e02_bell,light,body,hurt,left,1,enemies/e02_bell/light/hurt/left_01.png,320,320,160,280,true
e02_bell,light,body,hurt,right,2,enemies/e02_bell/light/hurt/right_02.png,320,320,160,280,false
e02_bell,light,body,hurt,left,2,enemies/e02_bell/light/hurt/left_02.png,320,320,160,280,true
e02_bell,light,body,hurt,right,3,enemies/e02_bell/light/hurt/right_03.png,320,320,160,280,false
e02_bell,light,body,hurt,left,3,enemies/e02_bell/light/hurt/left_03.png,320,320,160,280,true
e02_bell,light,body,hurt,right,4,enemies/e02_bell/light/hurt/right_04.png,320,320,160,280,false
e02_bell,light,body,hurt,left,4,enemies/e02_bell/light/hurt/left_04.png,320,320,160,280,true
e02_bell,light,body,hurt,back,1,enemies/e02_bell/light/hurt/back_01.png,320,320,160,280,false
e02_bell,light,body,hurt,back,2,enemies/e02_bell/light/hurt/back_02.png,320,320,160,280,false
e02_bell,light,body,hurt,back,3,enemies/e02_bell/light/hurt/back_03.png,320,320,160,280,false
e02_bell,light,body,hurt,back,4,enemies/e02_bell/light/hurt/back_04.png,320,320,160,280,false
e02_bell,light,body,death,front,1,enemies/e02_bell/light/death/front_01.png,320,320,160,280,false
e02_bell,light,body,death,front,2,enemies/e02_bell/light/death/front_02.png,320,320,160,280,false
e02_bell,light,body,death,front,3,enemies/e02_bell/light/death/front_03.png,320,320,160,280,false
e02_bell,light,body,death,front,4,enemies/e02_bell/light/death/front_04.png,320,320,160,280,false
e02_bell,light,body,death,right,1,enemies/e02_bell/light/death/right_01.png,320,320,160,280,false
e02_bell,light,body,death,left,1,enemies/e02_bell/light/death/left_01.png,320,320,160,280,true
e02_bell,light,body,death,right,2,enemies/e02_bell/light/death/right_02.png,320,320,160,280,false
e02_bell,light,body,death,left,2,enemies/e02_bell/light/death/left_02.png,320,320,160,280,true
e02_bell,light,body,death,right,3,enemies/e02_bell/light/death/right_03.png,320,320,160,280,false
e02_bell,light,body,death,left,3,enemies/e02_bell/light/death/left_03.png,320,320,160,280,true
e02_bell,light,body,death,right,4,enemies/e02_bell/light/death/right_04.png,320,320,160,280,false
e02_bell,light,body,death,left,4,enemies/e02_bell/light/death/left_04.png,320,320,160,280,true
e02_bell,light,body,death,back,1,enemies/e02_bell/light/death/back_01.png,320,320,160,280,false
e02_bell,light,body,death,back,2,enemies/e02_bell/light/death/back_02.png,320,320,160,280,false
e02_bell,light,body,death,back,3,enemies/e02_bell/light/death/back_03.png,320,320,160,280,false
e02_bell,light,body,death,back,4,enemies/e02_bell/light/death/back_04.png,320,320,160,280,false
e02_bell,shadow,body,idle,front,1,enemies/e02_bell/shadow/idle/front_01.png,320,320,160,280,false
e02_bell,shadow,body,idle,front,2,enemies/e02_bell/shadow/idle/front_02.png,320,320,160,280,false
e02_bell,shadow,body,idle,front,3,enemies/e02_bell/shadow/idle/front_03.png,320,320,160,280,false
e02_bell,shadow,body,idle,front,4,enemies/e02_bell/shadow/idle/front_04.png,320,320,160,280,false
e02_bell,shadow,body,idle,right,1,enemies/e02_bell/shadow/idle/right_01.png,320,320,160,280,false
e02_bell,shadow,body,idle,left,1,enemies/e02_bell/shadow/idle/left_01.png,320,320,160,280,true
e02_bell,shadow,body,idle,right,2,enemies/e02_bell/shadow/idle/right_02.png,320,320,160,280,false
e02_bell,shadow,body,idle,left,2,enemies/e02_bell/shadow/idle/left_02.png,320,320,160,280,true
e02_bell,shadow,body,idle,right,3,enemies/e02_bell/shadow/idle/right_03.png,320,320,160,280,false
e02_bell,shadow,body,idle,left,3,enemies/e02_bell/shadow/idle/left_03.png,320,320,160,280,true
e02_bell,shadow,body,idle,right,4,enemies/e02_bell/shadow/idle/right_04.png,320,320,160,280,false
e02_bell,shadow,body,idle,left,4,enemies/e02_bell/shadow/idle/left_04.png,320,320,160,280,true
e02_bell,shadow,body,idle,back,1,enemies/e02_bell/shadow/idle/back_01.png,320,320,160,280,false
e02_bell,shadow,body,idle,back,2,enemies/e02_bell/shadow/idle/back_02.png,320,320,160,280,false
e02_bell,shadow,body,idle,back,3,enemies/e02_bell/shadow/idle/back_03.png,320,320,160,280,false
e02_bell,shadow,body,idle,back,4,enemies/e02_bell/shadow/idle/back_04.png,320,320,160,280,false
e02_bell,shadow,body,move,front,1,enemies/e02_bell/shadow/move/front_01.png,320,320,160,280,false
e02_bell,shadow,body,move,front,2,enemies/e02_bell/shadow/move/front_02.png,320,320,160,280,false
e02_bell,shadow,body,move,front,3,enemies/e02_bell/shadow/move/front_03.png,320,320,160,280,false
e02_bell,shadow,body,move,front,4,enemies/e02_bell/shadow/move/front_04.png,320,320,160,280,false
e02_bell,shadow,body,move,right,1,enemies/e02_bell/shadow/move/right_01.png,320,320,160,280,false
e02_bell,shadow,body,move,left,1,enemies/e02_bell/shadow/move/left_01.png,320,320,160,280,true
e02_bell,shadow,body,move,right,2,enemies/e02_bell/shadow/move/right_02.png,320,320,160,280,false
e02_bell,shadow,body,move,left,2,enemies/e02_bell/shadow/move/left_02.png,320,320,160,280,true
e02_bell,shadow,body,move,right,3,enemies/e02_bell/shadow/move/right_03.png,320,320,160,280,false
e02_bell,shadow,body,move,left,3,enemies/e02_bell/shadow/move/left_03.png,320,320,160,280,true
e02_bell,shadow,body,move,right,4,enemies/e02_bell/shadow/move/right_04.png,320,320,160,280,false
e02_bell,shadow,body,move,left,4,enemies/e02_bell/shadow/move/left_04.png,320,320,160,280,true
e02_bell,shadow,body,move,back,1,enemies/e02_bell/shadow/move/back_01.png,320,320,160,280,false
e02_bell,shadow,body,move,back,2,enemies/e02_bell/shadow/move/back_02.png,320,320,160,280,false
e02_bell,shadow,body,move,back,3,enemies/e02_bell/shadow/move/back_03.png,320,320,160,280,false
e02_bell,shadow,body,move,back,4,enemies/e02_bell/shadow/move/back_04.png,320,320,160,280,false
e02_bell,shadow,body,attack_windup,front,1,enemies/e02_bell/shadow/attack_windup/front_01.png,320,320,160,280,false
e02_bell,shadow,body,attack_windup,front,2,enemies/e02_bell/shadow/attack_windup/front_02.png,320,320,160,280,false
e02_bell,shadow,body,attack_windup,front,3,enemies/e02_bell/shadow/attack_windup/front_03.png,320,320,160,280,false
e02_bell,shadow,body,attack_windup,front,4,enemies/e02_bell/shadow/attack_windup/front_04.png,320,320,160,280,false
e02_bell,shadow,body,attack_windup,right,1,enemies/e02_bell/shadow/attack_windup/right_01.png,320,320,160,280,false
e02_bell,shadow,body,attack_windup,left,1,enemies/e02_bell/shadow/attack_windup/left_01.png,320,320,160,280,true
e02_bell,shadow,body,attack_windup,right,2,enemies/e02_bell/shadow/attack_windup/right_02.png,320,320,160,280,false
e02_bell,shadow,body,attack_windup,left,2,enemies/e02_bell/shadow/attack_windup/left_02.png,320,320,160,280,true
e02_bell,shadow,body,attack_windup,right,3,enemies/e02_bell/shadow/attack_windup/right_03.png,320,320,160,280,false
e02_bell,shadow,body,attack_windup,left,3,enemies/e02_bell/shadow/attack_windup/left_03.png,320,320,160,280,true
e02_bell,shadow,body,attack_windup,right,4,enemies/e02_bell/shadow/attack_windup/right_04.png,320,320,160,280,false
e02_bell,shadow,body,attack_windup,left,4,enemies/e02_bell/shadow/attack_windup/left_04.png,320,320,160,280,true
e02_bell,shadow,body,attack_windup,back,1,enemies/e02_bell/shadow/attack_windup/back_01.png,320,320,160,280,false
e02_bell,shadow,body,attack_windup,back,2,enemies/e02_bell/shadow/attack_windup/back_02.png,320,320,160,280,false
e02_bell,shadow,body,attack_windup,back,3,enemies/e02_bell/shadow/attack_windup/back_03.png,320,320,160,280,false
e02_bell,shadow,body,attack_windup,back,4,enemies/e02_bell/shadow/attack_windup/back_04.png,320,320,160,280,false
e02_bell,shadow,body,attack_release,front,1,enemies/e02_bell/shadow/attack_release/front_01.png,320,320,160,280,false
e02_bell,shadow,body,attack_release,front,2,enemies/e02_bell/shadow/attack_release/front_02.png,320,320,160,280,false
e02_bell,shadow,body,attack_release,front,3,enemies/e02_bell/shadow/attack_release/front_03.png,320,320,160,280,false
e02_bell,shadow,body,attack_release,front,4,enemies/e02_bell/shadow/attack_release/front_04.png,320,320,160,280,false
e02_bell,shadow,body,attack_release,right,1,enemies/e02_bell/shadow/attack_release/right_01.png,320,320,160,280,false
e02_bell,shadow,body,attack_release,left,1,enemies/e02_bell/shadow/attack_release/left_01.png,320,320,160,280,true
e02_bell,shadow,body,attack_release,right,2,enemies/e02_bell/shadow/attack_release/right_02.png,320,320,160,280,false
e02_bell,shadow,body,attack_release,left,2,enemies/e02_bell/shadow/attack_release/left_02.png,320,320,160,280,true
e02_bell,shadow,body,attack_release,right,3,enemies/e02_bell/shadow/attack_release/right_03.png,320,320,160,280,false
e02_bell,shadow,body,attack_release,left,3,enemies/e02_bell/shadow/attack_release/left_03.png,320,320,160,280,true
e02_bell,shadow,body,attack_release,right,4,enemies/e02_bell/shadow/attack_release/right_04.png,320,320,160,280,false
e02_bell,shadow,body,attack_release,left,4,enemies/e02_bell/shadow/attack_release/left_04.png,320,320,160,280,true
e02_bell,shadow,body,attack_release,back,1,enemies/e02_bell/shadow/attack_release/back_01.png,320,320,160,280,false
e02_bell,shadow,body,attack_release,back,2,enemies/e02_bell/shadow/attack_release/back_02.png,320,320,160,280,false
e02_bell,shadow,body,attack_release,back,3,enemies/e02_bell/shadow/attack_release/back_03.png,320,320,160,280,false
e02_bell,shadow,body,attack_release,back,4,enemies/e02_bell/shadow/attack_release/back_04.png,320,320,160,280,false
e02_bell,shadow,body,attack_recovery,front,1,enemies/e02_bell/shadow/attack_recovery/front_01.png,320,320,160,280,false
e02_bell,shadow,body,attack_recovery,front,2,enemies/e02_bell/shadow/attack_recovery/front_02.png,320,320,160,280,false
e02_bell,shadow,body,attack_recovery,front,3,enemies/e02_bell/shadow/attack_recovery/front_03.png,320,320,160,280,false
e02_bell,shadow,body,attack_recovery,front,4,enemies/e02_bell/shadow/attack_recovery/front_04.png,320,320,160,280,false
e02_bell,shadow,body,attack_recovery,right,1,enemies/e02_bell/shadow/attack_recovery/right_01.png,320,320,160,280,false
e02_bell,shadow,body,attack_recovery,left,1,enemies/e02_bell/shadow/attack_recovery/left_01.png,320,320,160,280,true
e02_bell,shadow,body,attack_recovery,right,2,enemies/e02_bell/shadow/attack_recovery/right_02.png,320,320,160,280,false
e02_bell,shadow,body,attack_recovery,left,2,enemies/e02_bell/shadow/attack_recovery/left_02.png,320,320,160,280,true
e02_bell,shadow,body,attack_recovery,right,3,enemies/e02_bell/shadow/attack_recovery/right_03.png,320,320,160,280,false
e02_bell,shadow,body,attack_recovery,left,3,enemies/e02_bell/shadow/attack_recovery/left_03.png,320,320,160,280,true
e02_bell,shadow,body,attack_recovery,right,4,enemies/e02_bell/shadow/attack_recovery/right_04.png,320,320,160,280,false
e02_bell,shadow,body,attack_recovery,left,4,enemies/e02_bell/shadow/attack_recovery/left_04.png,320,320,160,280,true
e02_bell,shadow,body,attack_recovery,back,1,enemies/e02_bell/shadow/attack_recovery/back_01.png,320,320,160,280,false
e02_bell,shadow,body,attack_recovery,back,2,enemies/e02_bell/shadow/attack_recovery/back_02.png,320,320,160,280,false
e02_bell,shadow,body,attack_recovery,back,3,enemies/e02_bell/shadow/attack_recovery/back_03.png,320,320,160,280,false
e02_bell,shadow,body,attack_recovery,back,4,enemies/e02_bell/shadow/attack_recovery/back_04.png,320,320,160,280,false
e02_bell,shadow,body,hurt,front,1,enemies/e02_bell/shadow/hurt/front_01.png,320,320,160,280,false
e02_bell,shadow,body,hurt,front,2,enemies/e02_bell/shadow/hurt/front_02.png,320,320,160,280,false
e02_bell,shadow,body,hurt,front,3,enemies/e02_bell/shadow/hurt/front_03.png,320,320,160,280,false
e02_bell,shadow,body,hurt,front,4,enemies/e02_bell/shadow/hurt/front_04.png,320,320,160,280,false
e02_bell,shadow,body,hurt,right,1,enemies/e02_bell/shadow/hurt/right_01.png,320,320,160,280,false
e02_bell,shadow,body,hurt,left,1,enemies/e02_bell/shadow/hurt/left_01.png,320,320,160,280,true
e02_bell,shadow,body,hurt,right,2,enemies/e02_bell/shadow/hurt/right_02.png,320,320,160,280,false
e02_bell,shadow,body,hurt,left,2,enemies/e02_bell/shadow/hurt/left_02.png,320,320,160,280,true
e02_bell,shadow,body,hurt,right,3,enemies/e02_bell/shadow/hurt/right_03.png,320,320,160,280,false
e02_bell,shadow,body,hurt,left,3,enemies/e02_bell/shadow/hurt/left_03.png,320,320,160,280,true
e02_bell,shadow,body,hurt,right,4,enemies/e02_bell/shadow/hurt/right_04.png,320,320,160,280,false
e02_bell,shadow,body,hurt,left,4,enemies/e02_bell/shadow/hurt/left_04.png,320,320,160,280,true
e02_bell,shadow,body,hurt,back,1,enemies/e02_bell/shadow/hurt/back_01.png,320,320,160,280,false
e02_bell,shadow,body,hurt,back,2,enemies/e02_bell/shadow/hurt/back_02.png,320,320,160,280,false
e02_bell,shadow,body,hurt,back,3,enemies/e02_bell/shadow/hurt/back_03.png,320,320,160,280,false
e02_bell,shadow,body,hurt,back,4,enemies/e02_bell/shadow/hurt/back_04.png,320,320,160,280,false
e02_bell,shadow,body,death,front,1,enemies/e02_bell/shadow/death/front_01.png,320,320,160,280,false
e02_bell,shadow,body,death,front,2,enemies/e02_bell/shadow/death/front_02.png,320,320,160,280,false
e02_bell,shadow,body,death,front,3,enemies/e02_bell/shadow/death/front_03.png,320,320,160,280,false
e02_bell,shadow,body,death,front,4,enemies/e02_bell/shadow/death/front_04.png,320,320,160,280,false
e02_bell,shadow,body,death,right,1,enemies/e02_bell/shadow/death/right_01.png,320,320,160,280,false
e02_bell,shadow,body,death,left,1,enemies/e02_bell/shadow/death/left_01.png,320,320,160,280,true
e02_bell,shadow,body,death,right,2,enemies/e02_bell/shadow/death/right_02.png,320,320,160,280,false
e02_bell,shadow,body,death,left,2,enemies/e02_bell/shadow/death/left_02.png,320,320,160,280,true
e02_bell,shadow,body,death,right,3,enemies/e02_bell/shadow/death/right_03.png,320,320,160,280,false
e02_bell,shadow,body,death,left,3,enemies/e02_bell/shadow/death/left_03.png,320,320,160,280,true
e02_bell,shadow,body,death,right,4,enemies/e02_bell/shadow/death/right_04.png,320,320,160,280,false
e02_bell,shadow,body,death,left,4,enemies/e02_bell/shadow/death/left_04.png,320,320,160,280,true
e02_bell,shadow,body,death,back,1,enemies/e02_bell/shadow/death/back_01.png,320,320,160,280,false
e02_bell,shadow,body,death,back,2,enemies/e02_bell/shadow/death/back_02.png,320,320,160,280,false
e02_bell,shadow,body,death,back,3,enemies/e02_bell/shadow/death/back_03.png,320,320,160,280,false
e02_bell,shadow,body,death,back,4,enemies/e02_bell/shadow/death/back_04.png,320,320,160,280,false
b01_watcher,light,body,idle,front,1,enemies/b01_watcher/light/idle/front_01.png,448,448,224,392,false
b01_watcher,light,body,idle,front,2,enemies/b01_watcher/light/idle/front_02.png,448,448,224,392,false
b01_watcher,light,body,idle,front,3,enemies/b01_watcher/light/idle/front_03.png,448,448,224,392,false
b01_watcher,light,body,idle,front,4,enemies/b01_watcher/light/idle/front_04.png,448,448,224,392,false
b01_watcher,light,body,idle,right,1,enemies/b01_watcher/light/idle/right_01.png,448,448,224,392,false
b01_watcher,light,body,idle,left,1,enemies/b01_watcher/light/idle/left_01.png,448,448,224,392,true
b01_watcher,light,body,idle,right,2,enemies/b01_watcher/light/idle/right_02.png,448,448,224,392,false
b01_watcher,light,body,idle,left,2,enemies/b01_watcher/light/idle/left_02.png,448,448,224,392,true
b01_watcher,light,body,idle,right,3,enemies/b01_watcher/light/idle/right_03.png,448,448,224,392,false
b01_watcher,light,body,idle,left,3,enemies/b01_watcher/light/idle/left_03.png,448,448,224,392,true
b01_watcher,light,body,idle,right,4,enemies/b01_watcher/light/idle/right_04.png,448,448,224,392,false
b01_watcher,light,body,idle,left,4,enemies/b01_watcher/light/idle/left_04.png,448,448,224,392,true
b01_watcher,light,body,idle,right,5,enemies/b01_watcher/light/idle/right_05.png,448,448,224,392,false
b01_watcher,light,body,idle,left,5,enemies/b01_watcher/light/idle/left_05.png,448,448,224,392,true
b01_watcher,light,body,idle,back,1,enemies/b01_watcher/light/idle/back_01.png,448,448,224,392,false
b01_watcher,light,body,idle,back,2,enemies/b01_watcher/light/idle/back_02.png,448,448,224,392,false
b01_watcher,light,body,idle,back,3,enemies/b01_watcher/light/idle/back_03.png,448,448,224,392,false
b01_watcher,light,body,idle,back,4,enemies/b01_watcher/light/idle/back_04.png,448,448,224,392,false
b01_watcher,light,body,move,front,1,enemies/b01_watcher/light/move/front_01.png,448,448,224,392,false
b01_watcher,light,body,move,front,2,enemies/b01_watcher/light/move/front_02.png,448,448,224,392,false
b01_watcher,light,body,move,front,3,enemies/b01_watcher/light/move/front_03.png,448,448,224,392,false
b01_watcher,light,body,move,front,4,enemies/b01_watcher/light/move/front_04.png,448,448,224,392,false
b01_watcher,light,body,move,right,1,enemies/b01_watcher/light/move/right_01.png,448,448,224,392,false
b01_watcher,light,body,move,left,1,enemies/b01_watcher/light/move/left_01.png,448,448,224,392,true
b01_watcher,light,body,move,right,2,enemies/b01_watcher/light/move/right_02.png,448,448,224,392,false
b01_watcher,light,body,move,left,2,enemies/b01_watcher/light/move/left_02.png,448,448,224,392,true
b01_watcher,light,body,move,right,3,enemies/b01_watcher/light/move/right_03.png,448,448,224,392,false
b01_watcher,light,body,move,left,3,enemies/b01_watcher/light/move/left_03.png,448,448,224,392,true
b01_watcher,light,body,move,right,4,enemies/b01_watcher/light/move/right_04.png,448,448,224,392,false
b01_watcher,light,body,move,left,4,enemies/b01_watcher/light/move/left_04.png,448,448,224,392,true
b01_watcher,light,body,move,right,5,enemies/b01_watcher/light/move/right_05.png,448,448,224,392,false
b01_watcher,light,body,move,left,5,enemies/b01_watcher/light/move/left_05.png,448,448,224,392,true
b01_watcher,light,body,move,back,1,enemies/b01_watcher/light/move/back_01.png,448,448,224,392,false
b01_watcher,light,body,move,back,2,enemies/b01_watcher/light/move/back_02.png,448,448,224,392,false
b01_watcher,light,body,move,back,3,enemies/b01_watcher/light/move/back_03.png,448,448,224,392,false
b01_watcher,light,body,move,back,4,enemies/b01_watcher/light/move/back_04.png,448,448,224,392,false
b01_watcher,light,body,attack_windup,front,1,enemies/b01_watcher/light/attack_windup/front_01.png,448,448,224,392,false
b01_watcher,light,body,attack_windup,front,2,enemies/b01_watcher/light/attack_windup/front_02.png,448,448,224,392,false
b01_watcher,light,body,attack_windup,front,3,enemies/b01_watcher/light/attack_windup/front_03.png,448,448,224,392,false
b01_watcher,light,body,attack_windup,front,4,enemies/b01_watcher/light/attack_windup/front_04.png,448,448,224,392,false
b01_watcher,light,body,attack_windup,right,1,enemies/b01_watcher/light/attack_windup/right_01.png,448,448,224,392,false
b01_watcher,light,body,attack_windup,left,1,enemies/b01_watcher/light/attack_windup/left_01.png,448,448,224,392,true
b01_watcher,light,body,attack_windup,right,2,enemies/b01_watcher/light/attack_windup/right_02.png,448,448,224,392,false
b01_watcher,light,body,attack_windup,left,2,enemies/b01_watcher/light/attack_windup/left_02.png,448,448,224,392,true
b01_watcher,light,body,attack_windup,right,3,enemies/b01_watcher/light/attack_windup/right_03.png,448,448,224,392,false
b01_watcher,light,body,attack_windup,left,3,enemies/b01_watcher/light/attack_windup/left_03.png,448,448,224,392,true
b01_watcher,light,body,attack_windup,right,4,enemies/b01_watcher/light/attack_windup/right_04.png,448,448,224,392,false
b01_watcher,light,body,attack_windup,left,4,enemies/b01_watcher/light/attack_windup/left_04.png,448,448,224,392,true
b01_watcher,light,body,attack_windup,right,5,enemies/b01_watcher/light/attack_windup/right_05.png,448,448,224,392,false
b01_watcher,light,body,attack_windup,left,5,enemies/b01_watcher/light/attack_windup/left_05.png,448,448,224,392,true
b01_watcher,light,body,attack_windup,back,1,enemies/b01_watcher/light/attack_windup/back_01.png,448,448,224,392,false
b01_watcher,light,body,attack_windup,back,2,enemies/b01_watcher/light/attack_windup/back_02.png,448,448,224,392,false
b01_watcher,light,body,attack_windup,back,3,enemies/b01_watcher/light/attack_windup/back_03.png,448,448,224,392,false
b01_watcher,light,body,attack_windup,back,4,enemies/b01_watcher/light/attack_windup/back_04.png,448,448,224,392,false
b01_watcher,light,body,attack_release,front,1,enemies/b01_watcher/light/attack_release/front_01.png,448,448,224,392,false
b01_watcher,light,body,attack_release,front,2,enemies/b01_watcher/light/attack_release/front_02.png,448,448,224,392,false
b01_watcher,light,body,attack_release,front,3,enemies/b01_watcher/light/attack_release/front_03.png,448,448,224,392,false
b01_watcher,light,body,attack_release,front,4,enemies/b01_watcher/light/attack_release/front_04.png,448,448,224,392,false
b01_watcher,light,body,attack_release,right,1,enemies/b01_watcher/light/attack_release/right_01.png,448,448,224,392,false
b01_watcher,light,body,attack_release,left,1,enemies/b01_watcher/light/attack_release/left_01.png,448,448,224,392,true
b01_watcher,light,body,attack_release,right,2,enemies/b01_watcher/light/attack_release/right_02.png,448,448,224,392,false
b01_watcher,light,body,attack_release,left,2,enemies/b01_watcher/light/attack_release/left_02.png,448,448,224,392,true
b01_watcher,light,body,attack_release,right,3,enemies/b01_watcher/light/attack_release/right_03.png,448,448,224,392,false
b01_watcher,light,body,attack_release,left,3,enemies/b01_watcher/light/attack_release/left_03.png,448,448,224,392,true
b01_watcher,light,body,attack_release,right,4,enemies/b01_watcher/light/attack_release/right_04.png,448,448,224,392,false
b01_watcher,light,body,attack_release,left,4,enemies/b01_watcher/light/attack_release/left_04.png,448,448,224,392,true
b01_watcher,light,body,attack_release,right,5,enemies/b01_watcher/light/attack_release/right_05.png,448,448,224,392,false
b01_watcher,light,body,attack_release,left,5,enemies/b01_watcher/light/attack_release/left_05.png,448,448,224,392,true
b01_watcher,light,body,attack_release,back,1,enemies/b01_watcher/light/attack_release/back_01.png,448,448,224,392,false
b01_watcher,light,body,attack_release,back,2,enemies/b01_watcher/light/attack_release/back_02.png,448,448,224,392,false
b01_watcher,light,body,attack_release,back,3,enemies/b01_watcher/light/attack_release/back_03.png,448,448,224,392,false
b01_watcher,light,body,attack_release,back,4,enemies/b01_watcher/light/attack_release/back_04.png,448,448,224,392,false
b01_watcher,light,body,attack_recovery,front,1,enemies/b01_watcher/light/attack_recovery/front_01.png,448,448,224,392,false
b01_watcher,light,body,attack_recovery,front,2,enemies/b01_watcher/light/attack_recovery/front_02.png,448,448,224,392,false
b01_watcher,light,body,attack_recovery,front,3,enemies/b01_watcher/light/attack_recovery/front_03.png,448,448,224,392,false
b01_watcher,light,body,attack_recovery,front,4,enemies/b01_watcher/light/attack_recovery/front_04.png,448,448,224,392,false
b01_watcher,light,body,attack_recovery,right,1,enemies/b01_watcher/light/attack_recovery/right_01.png,448,448,224,392,false
b01_watcher,light,body,attack_recovery,left,1,enemies/b01_watcher/light/attack_recovery/left_01.png,448,448,224,392,true
b01_watcher,light,body,attack_recovery,right,2,enemies/b01_watcher/light/attack_recovery/right_02.png,448,448,224,392,false
b01_watcher,light,body,attack_recovery,left,2,enemies/b01_watcher/light/attack_recovery/left_02.png,448,448,224,392,true
b01_watcher,light,body,attack_recovery,right,3,enemies/b01_watcher/light/attack_recovery/right_03.png,448,448,224,392,false
b01_watcher,light,body,attack_recovery,left,3,enemies/b01_watcher/light/attack_recovery/left_03.png,448,448,224,392,true
b01_watcher,light,body,attack_recovery,right,4,enemies/b01_watcher/light/attack_recovery/right_04.png,448,448,224,392,false
b01_watcher,light,body,attack_recovery,left,4,enemies/b01_watcher/light/attack_recovery/left_04.png,448,448,224,392,true
b01_watcher,light,body,attack_recovery,right,5,enemies/b01_watcher/light/attack_recovery/right_05.png,448,448,224,392,false
b01_watcher,light,body,attack_recovery,left,5,enemies/b01_watcher/light/attack_recovery/left_05.png,448,448,224,392,true
b01_watcher,light,body,attack_recovery,back,1,enemies/b01_watcher/light/attack_recovery/back_01.png,448,448,224,392,false
b01_watcher,light,body,attack_recovery,back,2,enemies/b01_watcher/light/attack_recovery/back_02.png,448,448,224,392,false
b01_watcher,light,body,attack_recovery,back,3,enemies/b01_watcher/light/attack_recovery/back_03.png,448,448,224,392,false
b01_watcher,light,body,attack_recovery,back,4,enemies/b01_watcher/light/attack_recovery/back_04.png,448,448,224,392,false
b01_watcher,light,body,hurt,front,1,enemies/b01_watcher/light/hurt/front_01.png,448,448,224,392,false
b01_watcher,light,body,hurt,front,2,enemies/b01_watcher/light/hurt/front_02.png,448,448,224,392,false
b01_watcher,light,body,hurt,front,3,enemies/b01_watcher/light/hurt/front_03.png,448,448,224,392,false
b01_watcher,light,body,hurt,front,4,enemies/b01_watcher/light/hurt/front_04.png,448,448,224,392,false
b01_watcher,light,body,hurt,right,1,enemies/b01_watcher/light/hurt/right_01.png,448,448,224,392,false
b01_watcher,light,body,hurt,left,1,enemies/b01_watcher/light/hurt/left_01.png,448,448,224,392,true
b01_watcher,light,body,hurt,right,2,enemies/b01_watcher/light/hurt/right_02.png,448,448,224,392,false
b01_watcher,light,body,hurt,left,2,enemies/b01_watcher/light/hurt/left_02.png,448,448,224,392,true
b01_watcher,light,body,hurt,right,3,enemies/b01_watcher/light/hurt/right_03.png,448,448,224,392,false
b01_watcher,light,body,hurt,left,3,enemies/b01_watcher/light/hurt/left_03.png,448,448,224,392,true
b01_watcher,light,body,hurt,right,4,enemies/b01_watcher/light/hurt/right_04.png,448,448,224,392,false
b01_watcher,light,body,hurt,left,4,enemies/b01_watcher/light/hurt/left_04.png,448,448,224,392,true
b01_watcher,light,body,hurt,right,5,enemies/b01_watcher/light/hurt/right_05.png,448,448,224,392,false
b01_watcher,light,body,hurt,left,5,enemies/b01_watcher/light/hurt/left_05.png,448,448,224,392,true
b01_watcher,light,body,hurt,back,1,enemies/b01_watcher/light/hurt/back_01.png,448,448,224,392,false
b01_watcher,light,body,hurt,back,2,enemies/b01_watcher/light/hurt/back_02.png,448,448,224,392,false
b01_watcher,light,body,hurt,back,3,enemies/b01_watcher/light/hurt/back_03.png,448,448,224,392,false
b01_watcher,light,body,hurt,back,4,enemies/b01_watcher/light/hurt/back_04.png,448,448,224,392,false
b01_watcher,light,body,death,front,1,enemies/b01_watcher/light/death/front_01.png,448,448,224,392,false
b01_watcher,light,body,death,front,2,enemies/b01_watcher/light/death/front_02.png,448,448,224,392,false
b01_watcher,light,body,death,front,3,enemies/b01_watcher/light/death/front_03.png,448,448,224,392,false
b01_watcher,light,body,death,front,4,enemies/b01_watcher/light/death/front_04.png,448,448,224,392,false
b01_watcher,light,body,death,right,1,enemies/b01_watcher/light/death/right_01.png,448,448,224,392,false
b01_watcher,light,body,death,left,1,enemies/b01_watcher/light/death/left_01.png,448,448,224,392,true
b01_watcher,light,body,death,right,2,enemies/b01_watcher/light/death/right_02.png,448,448,224,392,false
b01_watcher,light,body,death,left,2,enemies/b01_watcher/light/death/left_02.png,448,448,224,392,true
b01_watcher,light,body,death,right,3,enemies/b01_watcher/light/death/right_03.png,448,448,224,392,false
b01_watcher,light,body,death,left,3,enemies/b01_watcher/light/death/left_03.png,448,448,224,392,true
b01_watcher,light,body,death,right,4,enemies/b01_watcher/light/death/right_04.png,448,448,224,392,false
b01_watcher,light,body,death,left,4,enemies/b01_watcher/light/death/left_04.png,448,448,224,392,true
b01_watcher,light,body,death,right,5,enemies/b01_watcher/light/death/right_05.png,448,448,224,392,false
b01_watcher,light,body,death,left,5,enemies/b01_watcher/light/death/left_05.png,448,448,224,392,true
b01_watcher,light,body,death,back,1,enemies/b01_watcher/light/death/back_01.png,448,448,224,392,false
b01_watcher,light,body,death,back,2,enemies/b01_watcher/light/death/back_02.png,448,448,224,392,false
b01_watcher,light,body,death,back,3,enemies/b01_watcher/light/death/back_03.png,448,448,224,392,false
b01_watcher,light,body,death,back,4,enemies/b01_watcher/light/death/back_04.png,448,448,224,392,false
b01_watcher,shadow,body,idle,front,1,enemies/b01_watcher/shadow/idle/front_01.png,448,448,224,392,false
b01_watcher,shadow,body,idle,front,2,enemies/b01_watcher/shadow/idle/front_02.png,448,448,224,392,false
b01_watcher,shadow,body,idle,front,3,enemies/b01_watcher/shadow/idle/front_03.png,448,448,224,392,false
b01_watcher,shadow,body,idle,front,4,enemies/b01_watcher/shadow/idle/front_04.png,448,448,224,392,false
b01_watcher,shadow,body,idle,right,1,enemies/b01_watcher/shadow/idle/right_01.png,448,448,224,392,false
b01_watcher,shadow,body,idle,left,1,enemies/b01_watcher/shadow/idle/left_01.png,448,448,224,392,true
b01_watcher,shadow,body,idle,right,2,enemies/b01_watcher/shadow/idle/right_02.png,448,448,224,392,false
b01_watcher,shadow,body,idle,left,2,enemies/b01_watcher/shadow/idle/left_02.png,448,448,224,392,true
b01_watcher,shadow,body,idle,right,3,enemies/b01_watcher/shadow/idle/right_03.png,448,448,224,392,false
b01_watcher,shadow,body,idle,left,3,enemies/b01_watcher/shadow/idle/left_03.png,448,448,224,392,true
b01_watcher,shadow,body,idle,right,4,enemies/b01_watcher/shadow/idle/right_04.png,448,448,224,392,false
b01_watcher,shadow,body,idle,left,4,enemies/b01_watcher/shadow/idle/left_04.png,448,448,224,392,true
b01_watcher,shadow,body,idle,back,1,enemies/b01_watcher/shadow/idle/back_01.png,448,448,224,392,false
b01_watcher,shadow,body,idle,back,2,enemies/b01_watcher/shadow/idle/back_02.png,448,448,224,392,false
b01_watcher,shadow,body,idle,back,3,enemies/b01_watcher/shadow/idle/back_03.png,448,448,224,392,false
b01_watcher,shadow,body,idle,back,4,enemies/b01_watcher/shadow/idle/back_04.png,448,448,224,392,false
b01_watcher,shadow,body,move,front,1,enemies/b01_watcher/shadow/move/front_01.png,448,448,224,392,false
b01_watcher,shadow,body,move,front,2,enemies/b01_watcher/shadow/move/front_02.png,448,448,224,392,false
b01_watcher,shadow,body,move,front,3,enemies/b01_watcher/shadow/move/front_03.png,448,448,224,392,false
b01_watcher,shadow,body,move,front,4,enemies/b01_watcher/shadow/move/front_04.png,448,448,224,392,false
b01_watcher,shadow,body,move,right,1,enemies/b01_watcher/shadow/move/right_01.png,448,448,224,392,false
b01_watcher,shadow,body,move,left,1,enemies/b01_watcher/shadow/move/left_01.png,448,448,224,392,true
b01_watcher,shadow,body,move,right,2,enemies/b01_watcher/shadow/move/right_02.png,448,448,224,392,false
b01_watcher,shadow,body,move,left,2,enemies/b01_watcher/shadow/move/left_02.png,448,448,224,392,true
b01_watcher,shadow,body,move,right,3,enemies/b01_watcher/shadow/move/right_03.png,448,448,224,392,false
b01_watcher,shadow,body,move,left,3,enemies/b01_watcher/shadow/move/left_03.png,448,448,224,392,true
b01_watcher,shadow,body,move,right,4,enemies/b01_watcher/shadow/move/right_04.png,448,448,224,392,false
b01_watcher,shadow,body,move,left,4,enemies/b01_watcher/shadow/move/left_04.png,448,448,224,392,true
b01_watcher,shadow,body,move,back,1,enemies/b01_watcher/shadow/move/back_01.png,448,448,224,392,false
b01_watcher,shadow,body,move,back,2,enemies/b01_watcher/shadow/move/back_02.png,448,448,224,392,false
b01_watcher,shadow,body,move,back,3,enemies/b01_watcher/shadow/move/back_03.png,448,448,224,392,false
b01_watcher,shadow,body,move,back,4,enemies/b01_watcher/shadow/move/back_04.png,448,448,224,392,false
b01_watcher,shadow,body,attack_windup,front,1,enemies/b01_watcher/shadow/attack_windup/front_01.png,448,448,224,392,false
b01_watcher,shadow,body,attack_windup,front,2,enemies/b01_watcher/shadow/attack_windup/front_02.png,448,448,224,392,false
b01_watcher,shadow,body,attack_windup,front,3,enemies/b01_watcher/shadow/attack_windup/front_03.png,448,448,224,392,false
b01_watcher,shadow,body,attack_windup,front,4,enemies/b01_watcher/shadow/attack_windup/front_04.png,448,448,224,392,false
b01_watcher,shadow,body,attack_windup,right,1,enemies/b01_watcher/shadow/attack_windup/right_01.png,448,448,224,392,false
b01_watcher,shadow,body,attack_windup,left,1,enemies/b01_watcher/shadow/attack_windup/left_01.png,448,448,224,392,true
b01_watcher,shadow,body,attack_windup,right,2,enemies/b01_watcher/shadow/attack_windup/right_02.png,448,448,224,392,false
b01_watcher,shadow,body,attack_windup,left,2,enemies/b01_watcher/shadow/attack_windup/left_02.png,448,448,224,392,true
b01_watcher,shadow,body,attack_windup,right,3,enemies/b01_watcher/shadow/attack_windup/right_03.png,448,448,224,392,false
b01_watcher,shadow,body,attack_windup,left,3,enemies/b01_watcher/shadow/attack_windup/left_03.png,448,448,224,392,true
b01_watcher,shadow,body,attack_windup,right,4,enemies/b01_watcher/shadow/attack_windup/right_04.png,448,448,224,392,false
b01_watcher,shadow,body,attack_windup,left,4,enemies/b01_watcher/shadow/attack_windup/left_04.png,448,448,224,392,true
b01_watcher,shadow,body,attack_windup,back,1,enemies/b01_watcher/shadow/attack_windup/back_01.png,448,448,224,392,false
b01_watcher,shadow,body,attack_windup,back,2,enemies/b01_watcher/shadow/attack_windup/back_02.png,448,448,224,392,false
b01_watcher,shadow,body,attack_windup,back,3,enemies/b01_watcher/shadow/attack_windup/back_03.png,448,448,224,392,false
b01_watcher,shadow,body,attack_windup,back,4,enemies/b01_watcher/shadow/attack_windup/back_04.png,448,448,224,392,false
b01_watcher,shadow,body,attack_release,front,1,enemies/b01_watcher/shadow/attack_release/front_01.png,448,448,224,392,false
b01_watcher,shadow,body,attack_release,front,2,enemies/b01_watcher/shadow/attack_release/front_02.png,448,448,224,392,false
b01_watcher,shadow,body,attack_release,front,3,enemies/b01_watcher/shadow/attack_release/front_03.png,448,448,224,392,false
b01_watcher,shadow,body,attack_release,front,4,enemies/b01_watcher/shadow/attack_release/front_04.png,448,448,224,392,false
b01_watcher,shadow,body,attack_release,right,1,enemies/b01_watcher/shadow/attack_release/right_01.png,448,448,224,392,false
b01_watcher,shadow,body,attack_release,left,1,enemies/b01_watcher/shadow/attack_release/left_01.png,448,448,224,392,true
b01_watcher,shadow,body,attack_release,right,2,enemies/b01_watcher/shadow/attack_release/right_02.png,448,448,224,392,false
b01_watcher,shadow,body,attack_release,left,2,enemies/b01_watcher/shadow/attack_release/left_02.png,448,448,224,392,true
b01_watcher,shadow,body,attack_release,right,3,enemies/b01_watcher/shadow/attack_release/right_03.png,448,448,224,392,false
b01_watcher,shadow,body,attack_release,left,3,enemies/b01_watcher/shadow/attack_release/left_03.png,448,448,224,392,true
b01_watcher,shadow,body,attack_release,right,4,enemies/b01_watcher/shadow/attack_release/right_04.png,448,448,224,392,false
b01_watcher,shadow,body,attack_release,left,4,enemies/b01_watcher/shadow/attack_release/left_04.png,448,448,224,392,true
b01_watcher,shadow,body,attack_release,back,1,enemies/b01_watcher/shadow/attack_release/back_01.png,448,448,224,392,false
b01_watcher,shadow,body,attack_release,back,2,enemies/b01_watcher/shadow/attack_release/back_02.png,448,448,224,392,false
b01_watcher,shadow,body,attack_release,back,3,enemies/b01_watcher/shadow/attack_release/back_03.png,448,448,224,392,false
b01_watcher,shadow,body,attack_release,back,4,enemies/b01_watcher/shadow/attack_release/back_04.png,448,448,224,392,false
b01_watcher,shadow,body,attack_recovery,front,1,enemies/b01_watcher/shadow/attack_recovery/front_01.png,448,448,224,392,false
b01_watcher,shadow,body,attack_recovery,front,2,enemies/b01_watcher/shadow/attack_recovery/front_02.png,448,448,224,392,false
b01_watcher,shadow,body,attack_recovery,front,3,enemies/b01_watcher/shadow/attack_recovery/front_03.png,448,448,224,392,false
b01_watcher,shadow,body,attack_recovery,front,4,enemies/b01_watcher/shadow/attack_recovery/front_04.png,448,448,224,392,false
b01_watcher,shadow,body,attack_recovery,right,1,enemies/b01_watcher/shadow/attack_recovery/right_01.png,448,448,224,392,false
b01_watcher,shadow,body,attack_recovery,left,1,enemies/b01_watcher/shadow/attack_recovery/left_01.png,448,448,224,392,true
b01_watcher,shadow,body,attack_recovery,right,2,enemies/b01_watcher/shadow/attack_recovery/right_02.png,448,448,224,392,false
b01_watcher,shadow,body,attack_recovery,left,2,enemies/b01_watcher/shadow/attack_recovery/left_02.png,448,448,224,392,true
b01_watcher,shadow,body,attack_recovery,right,3,enemies/b01_watcher/shadow/attack_recovery/right_03.png,448,448,224,392,false
b01_watcher,shadow,body,attack_recovery,left,3,enemies/b01_watcher/shadow/attack_recovery/left_03.png,448,448,224,392,true
b01_watcher,shadow,body,attack_recovery,right,4,enemies/b01_watcher/shadow/attack_recovery/right_04.png,448,448,224,392,false
b01_watcher,shadow,body,attack_recovery,left,4,enemies/b01_watcher/shadow/attack_recovery/left_04.png,448,448,224,392,true
b01_watcher,shadow,body,attack_recovery,back,1,enemies/b01_watcher/shadow/attack_recovery/back_01.png,448,448,224,392,false
b01_watcher,shadow,body,attack_recovery,back,2,enemies/b01_watcher/shadow/attack_recovery/back_02.png,448,448,224,392,false
b01_watcher,shadow,body,attack_recovery,back,3,enemies/b01_watcher/shadow/attack_recovery/back_03.png,448,448,224,392,false
b01_watcher,shadow,body,attack_recovery,back,4,enemies/b01_watcher/shadow/attack_recovery/back_04.png,448,448,224,392,false
b01_watcher,shadow,body,hurt,front,1,enemies/b01_watcher/shadow/hurt/front_01.png,448,448,224,392,false
b01_watcher,shadow,body,hurt,front,2,enemies/b01_watcher/shadow/hurt/front_02.png,448,448,224,392,false
b01_watcher,shadow,body,hurt,front,3,enemies/b01_watcher/shadow/hurt/front_03.png,448,448,224,392,false
b01_watcher,shadow,body,hurt,front,4,enemies/b01_watcher/shadow/hurt/front_04.png,448,448,224,392,false
b01_watcher,shadow,body,hurt,right,1,enemies/b01_watcher/shadow/hurt/right_01.png,448,448,224,392,false
b01_watcher,shadow,body,hurt,left,1,enemies/b01_watcher/shadow/hurt/left_01.png,448,448,224,392,true
b01_watcher,shadow,body,hurt,right,2,enemies/b01_watcher/shadow/hurt/right_02.png,448,448,224,392,false
b01_watcher,shadow,body,hurt,left,2,enemies/b01_watcher/shadow/hurt/left_02.png,448,448,224,392,true
b01_watcher,shadow,body,hurt,right,3,enemies/b01_watcher/shadow/hurt/right_03.png,448,448,224,392,false
b01_watcher,shadow,body,hurt,left,3,enemies/b01_watcher/shadow/hurt/left_03.png,448,448,224,392,true
b01_watcher,shadow,body,hurt,right,4,enemies/b01_watcher/shadow/hurt/right_04.png,448,448,224,392,false
b01_watcher,shadow,body,hurt,left,4,enemies/b01_watcher/shadow/hurt/left_04.png,448,448,224,392,true
b01_watcher,shadow,body,hurt,back,1,enemies/b01_watcher/shadow/hurt/back_01.png,448,448,224,392,false
b01_watcher,shadow,body,hurt,back,2,enemies/b01_watcher/shadow/hurt/back_02.png,448,448,224,392,false
b01_watcher,shadow,body,hurt,back,3,enemies/b01_watcher/shadow/hurt/back_03.png,448,448,224,392,false
b01_watcher,shadow,body,hurt,back,4,enemies/b01_watcher/shadow/hurt/back_04.png,448,448,224,392,false
b01_watcher,shadow,body,death,front,1,enemies/b01_watcher/shadow/death/front_01.png,448,448,224,392,false
b01_watcher,shadow,body,death,front,2,enemies/b01_watcher/shadow/death/front_02.png,448,448,224,392,false
b01_watcher,shadow,body,death,front,3,enemies/b01_watcher/shadow/death/front_03.png,448,448,224,392,false
b01_watcher,shadow,body,death,front,4,enemies/b01_watcher/shadow/death/front_04.png,448,448,224,392,false
b01_watcher,shadow,body,death,right,1,enemies/b01_watcher/shadow/death/right_01.png,448,448,224,392,false
b01_watcher,shadow,body,death,left,1,enemies/b01_watcher/shadow/death/left_01.png,448,448,224,392,true
b01_watcher,shadow,body,death,right,2,enemies/b01_watcher/shadow/death/right_02.png,448,448,224,392,false
b01_watcher,shadow,body,death,left,2,enemies/b01_watcher/shadow/death/left_02.png,448,448,224,392,true
b01_watcher,shadow,body,death,right,3,enemies/b01_watcher/shadow/death/right_03.png,448,448,224,392,false
b01_watcher,shadow,body,death,left,3,enemies/b01_watcher/shadow/death/left_03.png,448,448,224,392,true
b01_watcher,shadow,body,death,right,4,enemies/b01_watcher/shadow/death/right_04.png,448,448,224,392,false
b01_watcher,shadow,body,death,left,4,enemies/b01_watcher/shadow/death/left_04.png,448,448,224,392,true
b01_watcher,shadow,body,death,back,1,enemies/b01_watcher/shadow/death/back_01.png,448,448,224,392,false
b01_watcher,shadow,body,death,back,2,enemies/b01_watcher/shadow/death/back_02.png,448,448,224,392,false
b01_watcher,shadow,body,death,back,3,enemies/b01_watcher/shadow/death/back_03.png,448,448,224,392,false
b01_watcher,shadow,body,death,back,4,enemies/b01_watcher/shadow/death/back_04.png,448,448,224,392,false
n01_lantern,light,effect,charge,right,1,effects/n01_lantern/light/charge/right_01.png,256,256,128,128,false
n01_lantern,light,effect,charge,right,2,effects/n01_lantern/light/charge/right_02.png,256,256,128,128,false
n01_lantern,light,effect,charge,right,3,effects/n01_lantern/light/charge/right_03.png,256,256,128,128,false
n01_lantern,light,effect,charge,right,4,effects/n01_lantern/light/charge/right_04.png,256,256,128,128,false
n01_lantern,light,effect,seeker_orb,right,1,effects/n01_lantern/light/seeker_orb/right_01.png,256,256,128,128,false
n01_lantern,light,effect,seeker_orb,right,2,effects/n01_lantern/light/seeker_orb/right_02.png,256,256,128,128,false
n01_lantern,light,effect,seeker_orb,right,3,effects/n01_lantern/light/seeker_orb/right_03.png,256,256,128,128,false
n01_lantern,light,effect,seeker_orb,right,4,effects/n01_lantern/light/seeker_orb/right_04.png,256,256,128,128,false
n01_lantern,light,effect,orb_impact,right,1,effects/n01_lantern/light/orb_impact/right_01.png,256,256,128,128,false
n01_lantern,light,effect,orb_impact,right,2,effects/n01_lantern/light/orb_impact/right_02.png,256,256,128,128,false
n01_lantern,light,effect,orb_impact,right,3,effects/n01_lantern/light/orb_impact/right_03.png,256,256,128,128,false
n01_lantern,light,effect,orb_impact,right,4,effects/n01_lantern/light/orb_impact/right_04.png,256,256,128,128,false
n01_lantern,light,effect,orb_dissolve,right,1,effects/n01_lantern/light/orb_dissolve/right_01.png,256,256,128,128,false
n01_lantern,light,effect,orb_dissolve,right,2,effects/n01_lantern/light/orb_dissolve/right_02.png,256,256,128,128,false
n01_lantern,light,effect,orb_dissolve,right,3,effects/n01_lantern/light/orb_dissolve/right_03.png,256,256,128,128,false
n01_lantern,light,effect,orb_dissolve,right,4,effects/n01_lantern/light/orb_dissolve/right_04.png,256,256,128,128,false
n01_lantern,shadow,effect,charge,right,1,effects/n01_lantern/shadow/charge/right_01.png,256,256,128,128,false
n01_lantern,shadow,effect,charge,right,2,effects/n01_lantern/shadow/charge/right_02.png,256,256,128,128,false
n01_lantern,shadow,effect,charge,right,3,effects/n01_lantern/shadow/charge/right_03.png,256,256,128,128,false
n01_lantern,shadow,effect,charge,right,4,effects/n01_lantern/shadow/charge/right_04.png,256,256,128,128,false
n01_lantern,shadow,effect,dusk_needle,right,1,effects/n01_lantern/shadow/dusk_needle/right_01.png,256,256,128,128,false
n01_lantern,shadow,effect,dusk_needle,right,2,effects/n01_lantern/shadow/dusk_needle/right_02.png,256,256,128,128,false
n01_lantern,shadow,effect,dusk_needle,right,3,effects/n01_lantern/shadow/dusk_needle/right_03.png,256,256,128,128,false
n01_lantern,shadow,effect,dusk_needle,right,4,effects/n01_lantern/shadow/dusk_needle/right_04.png,256,256,128,128,false
n01_lantern,shadow,effect,needle_impact,right,1,effects/n01_lantern/shadow/needle_impact/right_01.png,256,256,128,128,false
n01_lantern,shadow,effect,needle_impact,right,2,effects/n01_lantern/shadow/needle_impact/right_02.png,256,256,128,128,false
n01_lantern,shadow,effect,needle_impact,right,3,effects/n01_lantern/shadow/needle_impact/right_03.png,256,256,128,128,false
n01_lantern,shadow,effect,needle_impact,right,4,effects/n01_lantern/shadow/needle_impact/right_04.png,256,256,128,128,false
n01_lantern,shadow,effect,needle_dissolve,right,1,effects/n01_lantern/shadow/needle_dissolve/right_01.png,256,256,128,128,false
n01_lantern,shadow,effect,needle_dissolve,right,2,effects/n01_lantern/shadow/needle_dissolve/right_02.png,256,256,128,128,false
n01_lantern,shadow,effect,needle_dissolve,right,3,effects/n01_lantern/shadow/needle_dissolve/right_03.png,256,256,128,128,false
n01_lantern,shadow,effect,needle_dissolve,right,4,effects/n01_lantern/shadow/needle_dissolve/right_04.png,256,256,128,128,false
n02_wolf,light,effect,bite_flash,right,1,effects/n02_wolf/light/bite_flash/right_01.png,256,256,128,128,false
n02_wolf,light,effect,bite_flash,right,2,effects/n02_wolf/light/bite_flash/right_02.png,256,256,128,128,false
n02_wolf,light,effect,bite_flash,right,3,effects/n02_wolf/light/bite_flash/right_03.png,256,256,128,128,false
n02_wolf,light,effect,bite_flash,right,4,effects/n02_wolf/light/bite_flash/right_04.png,256,256,128,128,false
n02_wolf,light,effect,dash_dust,right,1,effects/n02_wolf/light/dash_dust/right_01.png,256,256,128,128,false
n02_wolf,light,effect,dash_dust,right,2,effects/n02_wolf/light/dash_dust/right_02.png,256,256,128,128,false
n02_wolf,light,effect,dash_dust,right,3,effects/n02_wolf/light/dash_dust/right_03.png,256,256,128,128,false
n02_wolf,light,effect,dash_dust,right,4,effects/n02_wolf/light/dash_dust/right_04.png,256,256,128,128,false
n02_wolf,light,effect,bite_impact,right,1,effects/n02_wolf/light/bite_impact/right_01.png,256,256,128,128,false
n02_wolf,light,effect,bite_impact,right,2,effects/n02_wolf/light/bite_impact/right_02.png,256,256,128,128,false
n02_wolf,light,effect,bite_impact,right,3,effects/n02_wolf/light/bite_impact/right_03.png,256,256,128,128,false
n02_wolf,light,effect,bite_impact,right,4,effects/n02_wolf/light/bite_impact/right_04.png,256,256,128,128,false
n02_wolf,light,effect,dash_dissolve,right,1,effects/n02_wolf/light/dash_dissolve/right_01.png,256,256,128,128,false
n02_wolf,light,effect,dash_dissolve,right,2,effects/n02_wolf/light/dash_dissolve/right_02.png,256,256,128,128,false
n02_wolf,light,effect,dash_dissolve,right,3,effects/n02_wolf/light/dash_dissolve/right_03.png,256,256,128,128,false
n02_wolf,light,effect,dash_dissolve,right,4,effects/n02_wolf/light/dash_dissolve/right_04.png,256,256,128,128,false
n02_wolf,shadow,effect,bite_arc,right,1,effects/n02_wolf/shadow/bite_arc/right_01.png,256,256,128,128,false
n02_wolf,shadow,effect,bite_arc,right,2,effects/n02_wolf/shadow/bite_arc/right_02.png,256,256,128,128,false
n02_wolf,shadow,effect,bite_arc,right,3,effects/n02_wolf/shadow/bite_arc/right_03.png,256,256,128,128,false
n02_wolf,shadow,effect,bite_arc,right,4,effects/n02_wolf/shadow/bite_arc/right_04.png,256,256,128,128,false
n02_wolf,shadow,effect,shadow_trail,right,1,effects/n02_wolf/shadow/shadow_trail/right_01.png,256,256,128,128,false
n02_wolf,shadow,effect,shadow_trail,right,2,effects/n02_wolf/shadow/shadow_trail/right_02.png,256,256,128,128,false
n02_wolf,shadow,effect,shadow_trail,right,3,effects/n02_wolf/shadow/shadow_trail/right_03.png,256,256,128,128,false
n02_wolf,shadow,effect,shadow_trail,right,4,effects/n02_wolf/shadow/shadow_trail/right_04.png,256,256,128,128,false
n02_wolf,shadow,effect,bite_impact,right,1,effects/n02_wolf/shadow/bite_impact/right_01.png,256,256,128,128,false
n02_wolf,shadow,effect,bite_impact,right,2,effects/n02_wolf/shadow/bite_impact/right_02.png,256,256,128,128,false
n02_wolf,shadow,effect,bite_impact,right,3,effects/n02_wolf/shadow/bite_impact/right_03.png,256,256,128,128,false
n02_wolf,shadow,effect,bite_impact,right,4,effects/n02_wolf/shadow/bite_impact/right_04.png,256,256,128,128,false
n02_wolf,shadow,effect,trail_dissolve,right,1,effects/n02_wolf/shadow/trail_dissolve/right_01.png,256,256,128,128,false
n02_wolf,shadow,effect,trail_dissolve,right,2,effects/n02_wolf/shadow/trail_dissolve/right_02.png,256,256,128,128,false
n02_wolf,shadow,effect,trail_dissolve,right,3,effects/n02_wolf/shadow/trail_dissolve/right_03.png,256,256,128,128,false
n02_wolf,shadow,effect,trail_dissolve,right,4,effects/n02_wolf/shadow/trail_dissolve/right_04.png,256,256,128,128,false
n03_golem,light,effect,ground_crack,right,1,effects/n03_golem/light/ground_crack/right_01.png,256,256,128,128,false
n03_golem,light,effect,ground_crack,right,2,effects/n03_golem/light/ground_crack/right_02.png,256,256,128,128,false
n03_golem,light,effect,ground_crack,right,3,effects/n03_golem/light/ground_crack/right_03.png,256,256,128,128,false
n03_golem,light,effect,ground_crack,right,4,effects/n03_golem/light/ground_crack/right_04.png,256,256,128,128,false
n03_golem,light,effect,slam_sector,right,1,effects/n03_golem/light/slam_sector/right_01.png,256,256,128,128,false
n03_golem,light,effect,slam_sector,right,2,effects/n03_golem/light/slam_sector/right_02.png,256,256,128,128,false
n03_golem,light,effect,slam_sector,right,3,effects/n03_golem/light/slam_sector/right_03.png,256,256,128,128,false
n03_golem,light,effect,slam_sector,right,4,effects/n03_golem/light/slam_sector/right_04.png,256,256,128,128,false
n03_golem,light,effect,stone_burst,right,1,effects/n03_golem/light/stone_burst/right_01.png,256,256,128,128,false
n03_golem,light,effect,stone_burst,right,2,effects/n03_golem/light/stone_burst/right_02.png,256,256,128,128,false
n03_golem,light,effect,stone_burst,right,3,effects/n03_golem/light/stone_burst/right_03.png,256,256,128,128,false
n03_golem,light,effect,stone_burst,right,4,effects/n03_golem/light/stone_burst/right_04.png,256,256,128,128,false
n03_golem,light,effect,crack_dissolve,right,1,effects/n03_golem/light/crack_dissolve/right_01.png,256,256,128,128,false
n03_golem,light,effect,crack_dissolve,right,2,effects/n03_golem/light/crack_dissolve/right_02.png,256,256,128,128,false
n03_golem,light,effect,crack_dissolve,right,3,effects/n03_golem/light/crack_dissolve/right_03.png,256,256,128,128,false
n03_golem,light,effect,crack_dissolve,right,4,effects/n03_golem/light/crack_dissolve/right_04.png,256,256,128,128,false
n03_golem,shadow,effect,slam_sector,right,1,effects/n03_golem/shadow/slam_sector/right_01.png,256,256,128,128,false
n03_golem,shadow,effect,slam_sector,right,2,effects/n03_golem/shadow/slam_sector/right_02.png,256,256,128,128,false
n03_golem,shadow,effect,slam_sector,right,3,effects/n03_golem/shadow/slam_sector/right_03.png,256,256,128,128,false
n03_golem,shadow,effect,slam_sector,right,4,effects/n03_golem/shadow/slam_sector/right_04.png,256,256,128,128,false
n03_golem,shadow,effect,ground_crack,right,1,effects/n03_golem/shadow/ground_crack/right_01.png,256,256,128,128,false
n03_golem,shadow,effect,ground_crack,right,2,effects/n03_golem/shadow/ground_crack/right_02.png,256,256,128,128,false
n03_golem,shadow,effect,ground_crack,right,3,effects/n03_golem/shadow/ground_crack/right_03.png,256,256,128,128,false
n03_golem,shadow,effect,ground_crack,right,4,effects/n03_golem/shadow/ground_crack/right_04.png,256,256,128,128,false
n03_golem,shadow,effect,dark_debris,right,1,effects/n03_golem/shadow/dark_debris/right_01.png,256,256,128,128,false
n03_golem,shadow,effect,dark_debris,right,2,effects/n03_golem/shadow/dark_debris/right_02.png,256,256,128,128,false
n03_golem,shadow,effect,dark_debris,right,3,effects/n03_golem/shadow/dark_debris/right_03.png,256,256,128,128,false
n03_golem,shadow,effect,dark_debris,right,4,effects/n03_golem/shadow/dark_debris/right_04.png,256,256,128,128,false
n03_golem,shadow,effect,slam_dissolve,right,1,effects/n03_golem/shadow/slam_dissolve/right_01.png,256,256,128,128,false
n03_golem,shadow,effect,slam_dissolve,right,2,effects/n03_golem/shadow/slam_dissolve/right_02.png,256,256,128,128,false
n03_golem,shadow,effect,slam_dissolve,right,3,effects/n03_golem/shadow/slam_dissolve/right_03.png,256,256,128,128,false
n03_golem,shadow,effect,slam_dissolve,right,4,effects/n03_golem/shadow/slam_dissolve/right_04.png,256,256,128,128,false
n04_mage,light,effect,charge,right,1,effects/n04_mage/light/charge/right_01.png,256,256,128,128,false
n04_mage,light,effect,charge,right,2,effects/n04_mage/light/charge/right_02.png,256,256,128,128,false
n04_mage,light,effect,charge,right,3,effects/n04_mage/light/charge/right_03.png,256,256,128,128,false
n04_mage,light,effect,charge,right,4,effects/n04_mage/light/charge/right_04.png,256,256,128,128,false
n04_mage,light,effect,fan_pellet,right,1,effects/n04_mage/light/fan_pellet/right_01.png,256,256,128,128,false
n04_mage,light,effect,fan_pellet,right,2,effects/n04_mage/light/fan_pellet/right_02.png,256,256,128,128,false
n04_mage,light,effect,fan_pellet,right,3,effects/n04_mage/light/fan_pellet/right_03.png,256,256,128,128,false
n04_mage,light,effect,fan_pellet,right,4,effects/n04_mage/light/fan_pellet/right_04.png,256,256,128,128,false
n04_mage,light,effect,pellet_impact,right,1,effects/n04_mage/light/pellet_impact/right_01.png,256,256,128,128,false
n04_mage,light,effect,pellet_impact,right,2,effects/n04_mage/light/pellet_impact/right_02.png,256,256,128,128,false
n04_mage,light,effect,pellet_impact,right,3,effects/n04_mage/light/pellet_impact/right_03.png,256,256,128,128,false
n04_mage,light,effect,pellet_impact,right,4,effects/n04_mage/light/pellet_impact/right_04.png,256,256,128,128,false
n04_mage,light,effect,shield_hit,right,1,effects/n04_mage/light/shield_hit/right_01.png,256,256,128,128,false
n04_mage,light,effect,shield_hit,right,2,effects/n04_mage/light/shield_hit/right_02.png,256,256,128,128,false
n04_mage,light,effect,shield_hit,right,3,effects/n04_mage/light/shield_hit/right_03.png,256,256,128,128,false
n04_mage,light,effect,shield_hit,right,4,effects/n04_mage/light/shield_hit/right_04.png,256,256,128,128,false
n04_mage,shadow,effect,charge,right,1,effects/n04_mage/shadow/charge/right_01.png,256,256,128,128,false
n04_mage,shadow,effect,charge,right,2,effects/n04_mage/shadow/charge/right_02.png,256,256,128,128,false
n04_mage,shadow,effect,charge,right,3,effects/n04_mage/shadow/charge/right_03.png,256,256,128,128,false
n04_mage,shadow,effect,charge,right,4,effects/n04_mage/shadow/charge/right_04.png,256,256,128,128,false
n04_mage,shadow,effect,mirror_arc,right,1,effects/n04_mage/shadow/mirror_arc/right_01.png,256,256,128,128,false
n04_mage,shadow,effect,mirror_arc,right,2,effects/n04_mage/shadow/mirror_arc/right_02.png,256,256,128,128,false
n04_mage,shadow,effect,mirror_arc,right,3,effects/n04_mage/shadow/mirror_arc/right_03.png,256,256,128,128,false
n04_mage,shadow,effect,mirror_arc,right,4,effects/n04_mage/shadow/mirror_arc/right_04.png,256,256,128,128,false
n04_mage,shadow,effect,mirror_impact,right,1,effects/n04_mage/shadow/mirror_impact/right_01.png,256,256,128,128,false
n04_mage,shadow,effect,mirror_impact,right,2,effects/n04_mage/shadow/mirror_impact/right_02.png,256,256,128,128,false
n04_mage,shadow,effect,mirror_impact,right,3,effects/n04_mage/shadow/mirror_impact/right_03.png,256,256,128,128,false
n04_mage,shadow,effect,mirror_impact,right,4,effects/n04_mage/shadow/mirror_impact/right_04.png,256,256,128,128,false
n04_mage,shadow,effect,shield_hit,right,1,effects/n04_mage/shadow/shield_hit/right_01.png,256,256,128,128,false
n04_mage,shadow,effect,shield_hit,right,2,effects/n04_mage/shadow/shield_hit/right_02.png,256,256,128,128,false
n04_mage,shadow,effect,shield_hit,right,3,effects/n04_mage/shadow/shield_hit/right_03.png,256,256,128,128,false
n04_mage,shadow,effect,shield_hit,right,4,effects/n04_mage/shadow/shield_hit/right_04.png,256,256,128,128,false
e01_executioner,light,effect,spear_projectile,right,1,effects/e01_executioner/light/spear_projectile/right_01.png,256,256,128,128,false
e01_executioner,light,effect,spear_projectile,right,2,effects/e01_executioner/light/spear_projectile/right_02.png,256,256,128,128,false
e01_executioner,light,effect,spear_projectile,right,3,effects/e01_executioner/light/spear_projectile/right_03.png,256,256,128,128,false
e01_executioner,light,effect,spear_projectile,right,4,effects/e01_executioner/light/spear_projectile/right_04.png,256,256,128,128,false
e01_executioner,light,effect,spear_impact,right,1,effects/e01_executioner/light/spear_impact/right_01.png,256,256,128,128,false
e01_executioner,light,effect,spear_impact,right,2,effects/e01_executioner/light/spear_impact/right_02.png,256,256,128,128,false
e01_executioner,light,effect,spear_impact,right,3,effects/e01_executioner/light/spear_impact/right_03.png,256,256,128,128,false
e01_executioner,light,effect,spear_impact,right,4,effects/e01_executioner/light/spear_impact/right_04.png,256,256,128,128,false
e01_executioner,light,effect,shield_sector,right,1,effects/e01_executioner/light/shield_sector/right_01.png,256,256,128,128,false
e01_executioner,light,effect,shield_sector,right,2,effects/e01_executioner/light/shield_sector/right_02.png,256,256,128,128,false
e01_executioner,light,effect,shield_sector,right,3,effects/e01_executioner/light/shield_sector/right_03.png,256,256,128,128,false
e01_executioner,light,effect,shield_sector,right,4,effects/e01_executioner/light/shield_sector/right_04.png,256,256,128,128,false
e01_executioner,light,effect,shield_impact,right,1,effects/e01_executioner/light/shield_impact/right_01.png,256,256,128,128,false
e01_executioner,light,effect,shield_impact,right,2,effects/e01_executioner/light/shield_impact/right_02.png,256,256,128,128,false
e01_executioner,light,effect,shield_impact,right,3,effects/e01_executioner/light/shield_impact/right_03.png,256,256,128,128,false
e01_executioner,light,effect,shield_impact,right,4,effects/e01_executioner/light/shield_impact/right_04.png,256,256,128,128,false
e01_executioner,light,effect,dash_dust,right,1,effects/e01_executioner/light/dash_dust/right_01.png,256,256,128,128,false
e01_executioner,light,effect,dash_dust,right,2,effects/e01_executioner/light/dash_dust/right_02.png,256,256,128,128,false
e01_executioner,light,effect,dash_dust,right,3,effects/e01_executioner/light/dash_dust/right_03.png,256,256,128,128,false
e01_executioner,light,effect,dash_dust,right,4,effects/e01_executioner/light/dash_dust/right_04.png,256,256,128,128,false
e01_executioner,light,effect,charge,right,1,effects/e01_executioner/light/charge/right_01.png,256,256,128,128,false
e01_executioner,light,effect,charge,right,2,effects/e01_executioner/light/charge/right_02.png,256,256,128,128,false
e01_executioner,light,effect,charge,right,3,effects/e01_executioner/light/charge/right_03.png,256,256,128,128,false
e01_executioner,light,effect,charge,right,4,effects/e01_executioner/light/charge/right_04.png,256,256,128,128,false
e01_executioner,shadow,effect,cleave_arc,right,1,effects/e01_executioner/shadow/cleave_arc/right_01.png,256,256,128,128,false
e01_executioner,shadow,effect,cleave_arc,right,2,effects/e01_executioner/shadow/cleave_arc/right_02.png,256,256,128,128,false
e01_executioner,shadow,effect,cleave_arc,right,3,effects/e01_executioner/shadow/cleave_arc/right_03.png,256,256,128,128,false
e01_executioner,shadow,effect,cleave_arc,right,4,effects/e01_executioner/shadow/cleave_arc/right_04.png,256,256,128,128,false
e01_executioner,shadow,effect,thrust_line,right,1,effects/e01_executioner/shadow/thrust_line/right_01.png,256,256,128,128,false
e01_executioner,shadow,effect,thrust_line,right,2,effects/e01_executioner/shadow/thrust_line/right_02.png,256,256,128,128,false
e01_executioner,shadow,effect,thrust_line,right,3,effects/e01_executioner/shadow/thrust_line/right_03.png,256,256,128,128,false
e01_executioner,shadow,effect,thrust_line,right,4,effects/e01_executioner/shadow/thrust_line/right_04.png,256,256,128,128,false
e01_executioner,shadow,effect,slash_impact,right,1,effects/e01_executioner/shadow/slash_impact/right_01.png,256,256,128,128,false
e01_executioner,shadow,effect,slash_impact,right,2,effects/e01_executioner/shadow/slash_impact/right_02.png,256,256,128,128,false
e01_executioner,shadow,effect,slash_impact,right,3,effects/e01_executioner/shadow/slash_impact/right_03.png,256,256,128,128,false
e01_executioner,shadow,effect,slash_impact,right,4,effects/e01_executioner/shadow/slash_impact/right_04.png,256,256,128,128,false
e01_executioner,shadow,effect,dash_dust,right,1,effects/e01_executioner/shadow/dash_dust/right_01.png,256,256,128,128,false
e01_executioner,shadow,effect,dash_dust,right,2,effects/e01_executioner/shadow/dash_dust/right_02.png,256,256,128,128,false
e01_executioner,shadow,effect,dash_dust,right,3,effects/e01_executioner/shadow/dash_dust/right_03.png,256,256,128,128,false
e01_executioner,shadow,effect,dash_dust,right,4,effects/e01_executioner/shadow/dash_dust/right_04.png,256,256,128,128,false
e01_executioner,shadow,effect,charge,right,1,effects/e01_executioner/shadow/charge/right_01.png,256,256,128,128,false
e01_executioner,shadow,effect,charge,right,2,effects/e01_executioner/shadow/charge/right_02.png,256,256,128,128,false
e01_executioner,shadow,effect,charge,right,3,effects/e01_executioner/shadow/charge/right_03.png,256,256,128,128,false
e01_executioner,shadow,effect,charge,right,4,effects/e01_executioner/shadow/charge/right_04.png,256,256,128,128,false
e01_executioner,shadow,effect,trail_dissolve,right,1,effects/e01_executioner/shadow/trail_dissolve/right_01.png,256,256,128,128,false
e01_executioner,shadow,effect,trail_dissolve,right,2,effects/e01_executioner/shadow/trail_dissolve/right_02.png,256,256,128,128,false
e01_executioner,shadow,effect,trail_dissolve,right,3,effects/e01_executioner/shadow/trail_dissolve/right_03.png,256,256,128,128,false
e01_executioner,shadow,effect,trail_dissolve,right,4,effects/e01_executioner/shadow/trail_dissolve/right_04.png,256,256,128,128,false
e02_bell,light,effect,bell_pellet,right,1,effects/e02_bell/light/bell_pellet/right_01.png,256,256,128,128,false
e02_bell,light,effect,bell_pellet,right,2,effects/e02_bell/light/bell_pellet/right_02.png,256,256,128,128,false
e02_bell,light,effect,bell_pellet,right,3,effects/e02_bell/light/bell_pellet/right_03.png,256,256,128,128,false
e02_bell,light,effect,bell_pellet,right,4,effects/e02_bell/light/bell_pellet/right_04.png,256,256,128,128,false
e02_bell,light,effect,pillar_impact,right,1,effects/e02_bell/light/pillar_impact/right_01.png,256,256,128,128,false
e02_bell,light,effect,pillar_impact,right,2,effects/e02_bell/light/pillar_impact/right_02.png,256,256,128,128,false
e02_bell,light,effect,pillar_impact,right,3,effects/e02_bell/light/pillar_impact/right_03.png,256,256,128,128,false
e02_bell,light,effect,pillar_impact,right,4,effects/e02_bell/light/pillar_impact/right_04.png,256,256,128,128,false
e02_bell,light,effect,annular_burst,right,1,effects/e02_bell/light/annular_burst/right_01.png,256,256,128,128,false
e02_bell,light,effect,annular_burst,right,2,effects/e02_bell/light/annular_burst/right_02.png,256,256,128,128,false
e02_bell,light,effect,annular_burst,right,3,effects/e02_bell/light/annular_burst/right_03.png,256,256,128,128,false
e02_bell,light,effect,annular_burst,right,4,effects/e02_bell/light/annular_burst/right_04.png,256,256,128,128,false
e02_bell,light,effect,charge,right,1,effects/e02_bell/light/charge/right_01.png,256,256,128,128,false
e02_bell,light,effect,charge,right,2,effects/e02_bell/light/charge/right_02.png,256,256,128,128,false
e02_bell,light,effect,charge,right,3,effects/e02_bell/light/charge/right_03.png,256,256,128,128,false
e02_bell,light,effect,charge,right,4,effects/e02_bell/light/charge/right_04.png,256,256,128,128,false
e02_bell,light,effect,impact,right,1,effects/e02_bell/light/impact/right_01.png,256,256,128,128,false
e02_bell,light,effect,impact,right,2,effects/e02_bell/light/impact/right_02.png,256,256,128,128,false
e02_bell,light,effect,impact,right,3,effects/e02_bell/light/impact/right_03.png,256,256,128,128,false
e02_bell,light,effect,impact,right,4,effects/e02_bell/light/impact/right_04.png,256,256,128,128,false
e02_bell,light,effect,dissolve,right,1,effects/e02_bell/light/dissolve/right_01.png,256,256,128,128,false
e02_bell,light,effect,dissolve,right,2,effects/e02_bell/light/dissolve/right_02.png,256,256,128,128,false
e02_bell,light,effect,dissolve,right,3,effects/e02_bell/light/dissolve/right_03.png,256,256,128,128,false
e02_bell,light,effect,dissolve,right,4,effects/e02_bell/light/dissolve/right_04.png,256,256,128,128,false
e02_bell,shadow,effect,annular_burst,right,1,effects/e02_bell/shadow/annular_burst/right_01.png,256,256,128,128,false
e02_bell,shadow,effect,annular_burst,right,2,effects/e02_bell/shadow/annular_burst/right_02.png,256,256,128,128,false
e02_bell,shadow,effect,annular_burst,right,3,effects/e02_bell/shadow/annular_burst/right_03.png,256,256,128,128,false
e02_bell,shadow,effect,annular_burst,right,4,effects/e02_bell/shadow/annular_burst/right_04.png,256,256,128,128,false
e02_bell,shadow,effect,pillar_impact,right,1,effects/e02_bell/shadow/pillar_impact/right_01.png,256,256,128,128,false
e02_bell,shadow,effect,pillar_impact,right,2,effects/e02_bell/shadow/pillar_impact/right_02.png,256,256,128,128,false
e02_bell,shadow,effect,pillar_impact,right,3,effects/e02_bell/shadow/pillar_impact/right_03.png,256,256,128,128,false
e02_bell,shadow,effect,pillar_impact,right,4,effects/e02_bell/shadow/pillar_impact/right_04.png,256,256,128,128,false
e02_bell,shadow,effect,bell_pellet,right,1,effects/e02_bell/shadow/bell_pellet/right_01.png,256,256,128,128,false
e02_bell,shadow,effect,bell_pellet,right,2,effects/e02_bell/shadow/bell_pellet/right_02.png,256,256,128,128,false
e02_bell,shadow,effect,bell_pellet,right,3,effects/e02_bell/shadow/bell_pellet/right_03.png,256,256,128,128,false
e02_bell,shadow,effect,bell_pellet,right,4,effects/e02_bell/shadow/bell_pellet/right_04.png,256,256,128,128,false
e02_bell,shadow,effect,charge,right,1,effects/e02_bell/shadow/charge/right_01.png,256,256,128,128,false
e02_bell,shadow,effect,charge,right,2,effects/e02_bell/shadow/charge/right_02.png,256,256,128,128,false
e02_bell,shadow,effect,charge,right,3,effects/e02_bell/shadow/charge/right_03.png,256,256,128,128,false
e02_bell,shadow,effect,charge,right,4,effects/e02_bell/shadow/charge/right_04.png,256,256,128,128,false
e02_bell,shadow,effect,impact,right,1,effects/e02_bell/shadow/impact/right_01.png,256,256,128,128,false
e02_bell,shadow,effect,impact,right,2,effects/e02_bell/shadow/impact/right_02.png,256,256,128,128,false
e02_bell,shadow,effect,impact,right,3,effects/e02_bell/shadow/impact/right_03.png,256,256,128,128,false
e02_bell,shadow,effect,impact,right,4,effects/e02_bell/shadow/impact/right_04.png,256,256,128,128,false
e02_bell,shadow,effect,dissolve,right,1,effects/e02_bell/shadow/dissolve/right_01.png,256,256,128,128,false
e02_bell,shadow,effect,dissolve,right,2,effects/e02_bell/shadow/dissolve/right_02.png,256,256,128,128,false
e02_bell,shadow,effect,dissolve,right,3,effects/e02_bell/shadow/dissolve/right_03.png,256,256,128,128,false
e02_bell,shadow,effect,dissolve,right,4,effects/e02_bell/shadow/dissolve/right_04.png,256,256,128,128,false
b01_watcher,light,effect,sun_pellet,right,1,effects/b01_watcher/light/sun_pellet/right_01.png,256,256,128,128,false
b01_watcher,light,effect,sun_pellet,right,2,effects/b01_watcher/light/sun_pellet/right_02.png,256,256,128,128,false
b01_watcher,light,effect,sun_pellet,right,3,effects/b01_watcher/light/sun_pellet/right_03.png,256,256,128,128,false
b01_watcher,light,effect,sun_pellet,right,4,effects/b01_watcher/light/sun_pellet/right_04.png,256,256,128,128,false
b01_watcher,light,effect,pillar_impact,right,1,effects/b01_watcher/light/pillar_impact/right_01.png,256,256,128,128,false
b01_watcher,light,effect,pillar_impact,right,2,effects/b01_watcher/light/pillar_impact/right_02.png,256,256,128,128,false
b01_watcher,light,effect,pillar_impact,right,3,effects/b01_watcher/light/pillar_impact/right_03.png,256,256,128,128,false
b01_watcher,light,effect,pillar_impact,right,4,effects/b01_watcher/light/pillar_impact/right_04.png,256,256,128,128,false
b01_watcher,light,effect,rift_spear,right,1,effects/b01_watcher/light/rift_spear/right_01.png,256,256,128,128,false
b01_watcher,light,effect,rift_spear,right,2,effects/b01_watcher/light/rift_spear/right_02.png,256,256,128,128,false
b01_watcher,light,effect,rift_spear,right,3,effects/b01_watcher/light/rift_spear/right_03.png,256,256,128,128,false
b01_watcher,light,effect,rift_spear,right,4,effects/b01_watcher/light/rift_spear/right_04.png,256,256,128,128,false
b01_watcher,light,effect,spear_impact,right,1,effects/b01_watcher/light/spear_impact/right_01.png,256,256,128,128,false
b01_watcher,light,effect,spear_impact,right,2,effects/b01_watcher/light/spear_impact/right_02.png,256,256,128,128,false
b01_watcher,light,effect,spear_impact,right,3,effects/b01_watcher/light/spear_impact/right_03.png,256,256,128,128,false
b01_watcher,light,effect,spear_impact,right,4,effects/b01_watcher/light/spear_impact/right_04.png,256,256,128,128,false
b01_watcher,light,effect,cast_charge,right,1,effects/b01_watcher/light/cast_charge/right_01.png,256,256,128,128,false
b01_watcher,light,effect,cast_charge,right,2,effects/b01_watcher/light/cast_charge/right_02.png,256,256,128,128,false
b01_watcher,light,effect,cast_charge,right,3,effects/b01_watcher/light/cast_charge/right_03.png,256,256,128,128,false
b01_watcher,light,effect,cast_charge,right,4,effects/b01_watcher/light/cast_charge/right_04.png,256,256,128,128,false
b01_watcher,light,effect,phase_transition,right,1,effects/b01_watcher/light/phase_transition/right_01.png,256,256,128,128,false
b01_watcher,light,effect,phase_transition,right,2,effects/b01_watcher/light/phase_transition/right_02.png,256,256,128,128,false
b01_watcher,light,effect,phase_transition,right,3,effects/b01_watcher/light/phase_transition/right_03.png,256,256,128,128,false
b01_watcher,light,effect,phase_transition,right,4,effects/b01_watcher/light/phase_transition/right_04.png,256,256,128,128,false
b01_watcher,light,effect,summon_portal,right,1,effects/b01_watcher/light/summon_portal/right_01.png,256,256,128,128,false
b01_watcher,light,effect,summon_portal,right,2,effects/b01_watcher/light/summon_portal/right_02.png,256,256,128,128,false
b01_watcher,light,effect,summon_portal,right,3,effects/b01_watcher/light/summon_portal/right_03.png,256,256,128,128,false
b01_watcher,light,effect,summon_portal,right,4,effects/b01_watcher/light/summon_portal/right_04.png,256,256,128,128,false
b01_watcher,light,effect,impact,right,1,effects/b01_watcher/light/impact/right_01.png,256,256,128,128,false
b01_watcher,light,effect,impact,right,2,effects/b01_watcher/light/impact/right_02.png,256,256,128,128,false
b01_watcher,light,effect,impact,right,3,effects/b01_watcher/light/impact/right_03.png,256,256,128,128,false
b01_watcher,light,effect,impact,right,4,effects/b01_watcher/light/impact/right_04.png,256,256,128,128,false
b01_watcher,shadow,effect,slash_arc,right,1,effects/b01_watcher/shadow/slash_arc/right_01.png,256,256,128,128,false
b01_watcher,shadow,effect,slash_arc,right,2,effects/b01_watcher/shadow/slash_arc/right_02.png,256,256,128,128,false
b01_watcher,shadow,effect,slash_arc,right,3,effects/b01_watcher/shadow/slash_arc/right_03.png,256,256,128,128,false
b01_watcher,shadow,effect,slash_arc,right,4,effects/b01_watcher/shadow/slash_arc/right_04.png,256,256,128,128,false
b01_watcher,shadow,effect,dash_trail,right,1,effects/b01_watcher/shadow/dash_trail/right_01.png,256,256,128,128,false
b01_watcher,shadow,effect,dash_trail,right,2,effects/b01_watcher/shadow/dash_trail/right_02.png,256,256,128,128,false
b01_watcher,shadow,effect,dash_trail,right,3,effects/b01_watcher/shadow/dash_trail/right_03.png,256,256,128,128,false
b01_watcher,shadow,effect,dash_trail,right,4,effects/b01_watcher/shadow/dash_trail/right_04.png,256,256,128,128,false
b01_watcher,shadow,effect,summon_portal,right,1,effects/b01_watcher/shadow/summon_portal/right_01.png,256,256,128,128,false
b01_watcher,shadow,effect,summon_portal,right,2,effects/b01_watcher/shadow/summon_portal/right_02.png,256,256,128,128,false
b01_watcher,shadow,effect,summon_portal,right,3,effects/b01_watcher/shadow/summon_portal/right_03.png,256,256,128,128,false
b01_watcher,shadow,effect,summon_portal,right,4,effects/b01_watcher/shadow/summon_portal/right_04.png,256,256,128,128,false
b01_watcher,shadow,effect,slash_impact,right,1,effects/b01_watcher/shadow/slash_impact/right_01.png,256,256,128,128,false
b01_watcher,shadow,effect,slash_impact,right,2,effects/b01_watcher/shadow/slash_impact/right_02.png,256,256,128,128,false
b01_watcher,shadow,effect,slash_impact,right,3,effects/b01_watcher/shadow/slash_impact/right_03.png,256,256,128,128,false
b01_watcher,shadow,effect,slash_impact,right,4,effects/b01_watcher/shadow/slash_impact/right_04.png,256,256,128,128,false
b01_watcher,shadow,effect,cast_charge,right,1,effects/b01_watcher/shadow/cast_charge/right_01.png,256,256,128,128,false
b01_watcher,shadow,effect,cast_charge,right,2,effects/b01_watcher/shadow/cast_charge/right_02.png,256,256,128,128,false
b01_watcher,shadow,effect,cast_charge,right,3,effects/b01_watcher/shadow/cast_charge/right_03.png,256,256,128,128,false
b01_watcher,shadow,effect,cast_charge,right,4,effects/b01_watcher/shadow/cast_charge/right_04.png,256,256,128,128,false
b01_watcher,shadow,effect,phase_transition,right,1,effects/b01_watcher/shadow/phase_transition/right_01.png,256,256,128,128,false
b01_watcher,shadow,effect,phase_transition,right,2,effects/b01_watcher/shadow/phase_transition/right_02.png,256,256,128,128,false
b01_watcher,shadow,effect,phase_transition,right,3,effects/b01_watcher/shadow/phase_transition/right_03.png,256,256,128,128,false
b01_watcher,shadow,effect,phase_transition,right,4,effects/b01_watcher/shadow/phase_transition/right_04.png,256,256,128,128,false
b01_watcher,shadow,effect,rift_thrust,right,1,effects/b01_watcher/shadow/rift_thrust/right_01.png,256,256,128,128,false
b01_watcher,shadow,effect,rift_thrust,right,2,effects/b01_watcher/shadow/rift_thrust/right_02.png,256,256,128,128,false
b01_watcher,shadow,effect,rift_thrust,right,3,effects/b01_watcher/shadow/rift_thrust/right_03.png,256,256,128,128,false
b01_watcher,shadow,effect,rift_thrust,right,4,effects/b01_watcher/shadow/rift_thrust/right_04.png,256,256,128,128,false
b01_watcher,shadow,effect,impact,right,1,effects/b01_watcher/shadow/impact/right_01.png,256,256,128,128,false
b01_watcher,shadow,effect,impact,right,2,effects/b01_watcher/shadow/impact/right_02.png,256,256,128,128,false
b01_watcher,shadow,effect,impact,right,3,effects/b01_watcher/shadow/impact/right_03.png,256,256,128,128,false
b01_watcher,shadow,effect,impact,right,4,effects/b01_watcher/shadow/impact/right_04.png,256,256,128,128,false
e01_executioner,light,body,shield_bash_windup,front,1,enemies/e01_executioner/light/shield_bash_windup/front_01.png,320,320,160,280,false
e01_executioner,light,body,shield_bash_windup,front,2,enemies/e01_executioner/light/shield_bash_windup/front_02.png,320,320,160,280,false
e01_executioner,light,body,shield_bash_windup,front,3,enemies/e01_executioner/light/shield_bash_windup/front_03.png,320,320,160,280,false
e01_executioner,light,body,shield_bash_windup,front,4,enemies/e01_executioner/light/shield_bash_windup/front_04.png,320,320,160,280,false
e01_executioner,light,body,shield_bash_windup,right,1,enemies/e01_executioner/light/shield_bash_windup/right_01.png,320,320,160,280,false
e01_executioner,light,body,shield_bash_windup,left,1,enemies/e01_executioner/light/shield_bash_windup/left_01.png,320,320,160,280,true
e01_executioner,light,body,shield_bash_windup,right,2,enemies/e01_executioner/light/shield_bash_windup/right_02.png,320,320,160,280,false
e01_executioner,light,body,shield_bash_windup,left,2,enemies/e01_executioner/light/shield_bash_windup/left_02.png,320,320,160,280,true
e01_executioner,light,body,shield_bash_windup,right,3,enemies/e01_executioner/light/shield_bash_windup/right_03.png,320,320,160,280,false
e01_executioner,light,body,shield_bash_windup,left,3,enemies/e01_executioner/light/shield_bash_windup/left_03.png,320,320,160,280,true
e01_executioner,light,body,shield_bash_windup,right,4,enemies/e01_executioner/light/shield_bash_windup/right_04.png,320,320,160,280,false
e01_executioner,light,body,shield_bash_windup,left,4,enemies/e01_executioner/light/shield_bash_windup/left_04.png,320,320,160,280,true
e01_executioner,light,body,shield_bash_windup,back,1,enemies/e01_executioner/light/shield_bash_windup/back_01.png,320,320,160,280,false
e01_executioner,light,body,shield_bash_windup,back,2,enemies/e01_executioner/light/shield_bash_windup/back_02.png,320,320,160,280,false
e01_executioner,light,body,shield_bash_windup,back,3,enemies/e01_executioner/light/shield_bash_windup/back_03.png,320,320,160,280,false
e01_executioner,light,body,shield_bash_windup,back,4,enemies/e01_executioner/light/shield_bash_windup/back_04.png,320,320,160,280,false
e01_executioner,light,body,shield_bash_release,front,1,enemies/e01_executioner/light/shield_bash_release/front_01.png,320,320,160,280,false
e01_executioner,light,body,shield_bash_release,front,2,enemies/e01_executioner/light/shield_bash_release/front_02.png,320,320,160,280,false
e01_executioner,light,body,shield_bash_release,front,3,enemies/e01_executioner/light/shield_bash_release/front_03.png,320,320,160,280,false
e01_executioner,light,body,shield_bash_release,front,4,enemies/e01_executioner/light/shield_bash_release/front_04.png,320,320,160,280,false
e01_executioner,light,body,shield_bash_release,right,1,enemies/e01_executioner/light/shield_bash_release/right_01.png,320,320,160,280,false
e01_executioner,light,body,shield_bash_release,left,1,enemies/e01_executioner/light/shield_bash_release/left_01.png,320,320,160,280,true
e01_executioner,light,body,shield_bash_release,right,2,enemies/e01_executioner/light/shield_bash_release/right_02.png,320,320,160,280,false
e01_executioner,light,body,shield_bash_release,left,2,enemies/e01_executioner/light/shield_bash_release/left_02.png,320,320,160,280,true
e01_executioner,light,body,shield_bash_release,right,3,enemies/e01_executioner/light/shield_bash_release/right_03.png,320,320,160,280,false
e01_executioner,light,body,shield_bash_release,left,3,enemies/e01_executioner/light/shield_bash_release/left_03.png,320,320,160,280,true
e01_executioner,light,body,shield_bash_release,right,4,enemies/e01_executioner/light/shield_bash_release/right_04.png,320,320,160,280,false
e01_executioner,light,body,shield_bash_release,left,4,enemies/e01_executioner/light/shield_bash_release/left_04.png,320,320,160,280,true
e01_executioner,light,body,shield_bash_release,back,1,enemies/e01_executioner/light/shield_bash_release/back_01.png,320,320,160,280,false
e01_executioner,light,body,shield_bash_release,back,2,enemies/e01_executioner/light/shield_bash_release/back_02.png,320,320,160,280,false
e01_executioner,light,body,shield_bash_release,back,3,enemies/e01_executioner/light/shield_bash_release/back_03.png,320,320,160,280,false
e01_executioner,light,body,shield_bash_release,back,4,enemies/e01_executioner/light/shield_bash_release/back_04.png,320,320,160,280,false
e01_executioner,light,body,shield_bash_recovery,front,1,enemies/e01_executioner/light/shield_bash_recovery/front_01.png,320,320,160,280,false
e01_executioner,light,body,shield_bash_recovery,front,2,enemies/e01_executioner/light/shield_bash_recovery/front_02.png,320,320,160,280,false
e01_executioner,light,body,shield_bash_recovery,front,3,enemies/e01_executioner/light/shield_bash_recovery/front_03.png,320,320,160,280,false
e01_executioner,light,body,shield_bash_recovery,front,4,enemies/e01_executioner/light/shield_bash_recovery/front_04.png,320,320,160,280,false
e01_executioner,light,body,shield_bash_recovery,right,1,enemies/e01_executioner/light/shield_bash_recovery/right_01.png,320,320,160,280,false
e01_executioner,light,body,shield_bash_recovery,left,1,enemies/e01_executioner/light/shield_bash_recovery/left_01.png,320,320,160,280,true
e01_executioner,light,body,shield_bash_recovery,right,2,enemies/e01_executioner/light/shield_bash_recovery/right_02.png,320,320,160,280,false
e01_executioner,light,body,shield_bash_recovery,left,2,enemies/e01_executioner/light/shield_bash_recovery/left_02.png,320,320,160,280,true
e01_executioner,light,body,shield_bash_recovery,right,3,enemies/e01_executioner/light/shield_bash_recovery/right_03.png,320,320,160,280,false
e01_executioner,light,body,shield_bash_recovery,left,3,enemies/e01_executioner/light/shield_bash_recovery/left_03.png,320,320,160,280,true
e01_executioner,light,body,shield_bash_recovery,right,4,enemies/e01_executioner/light/shield_bash_recovery/right_04.png,320,320,160,280,false
e01_executioner,light,body,shield_bash_recovery,left,4,enemies/e01_executioner/light/shield_bash_recovery/left_04.png,320,320,160,280,true
e01_executioner,light,body,shield_bash_recovery,back,1,enemies/e01_executioner/light/shield_bash_recovery/back_01.png,320,320,160,280,false
e01_executioner,light,body,shield_bash_recovery,back,2,enemies/e01_executioner/light/shield_bash_recovery/back_02.png,320,320,160,280,false
e01_executioner,light,body,shield_bash_recovery,back,3,enemies/e01_executioner/light/shield_bash_recovery/back_03.png,320,320,160,280,false
e01_executioner,light,body,shield_bash_recovery,back,4,enemies/e01_executioner/light/shield_bash_recovery/back_04.png,320,320,160,280,false
e01_executioner,light,body,guard,front,1,enemies/e01_executioner/light/guard/front_01.png,320,320,160,280,false
e01_executioner,light,body,guard,front,2,enemies/e01_executioner/light/guard/front_02.png,320,320,160,280,false
e01_executioner,light,body,guard,front,3,enemies/e01_executioner/light/guard/front_03.png,320,320,160,280,false
e01_executioner,light,body,guard,front,4,enemies/e01_executioner/light/guard/front_04.png,320,320,160,280,false
e01_executioner,light,body,guard,right,1,enemies/e01_executioner/light/guard/right_01.png,320,320,160,280,false
e01_executioner,light,body,guard,left,1,enemies/e01_executioner/light/guard/left_01.png,320,320,160,280,true
e01_executioner,light,body,guard,right,2,enemies/e01_executioner/light/guard/right_02.png,320,320,160,280,false
e01_executioner,light,body,guard,left,2,enemies/e01_executioner/light/guard/left_02.png,320,320,160,280,true
e01_executioner,light,body,guard,right,3,enemies/e01_executioner/light/guard/right_03.png,320,320,160,280,false
e01_executioner,light,body,guard,left,3,enemies/e01_executioner/light/guard/left_03.png,320,320,160,280,true
e01_executioner,light,body,guard,right,4,enemies/e01_executioner/light/guard/right_04.png,320,320,160,280,false
e01_executioner,light,body,guard,left,4,enemies/e01_executioner/light/guard/left_04.png,320,320,160,280,true
e01_executioner,light,body,guard,back,1,enemies/e01_executioner/light/guard/back_01.png,320,320,160,280,false
e01_executioner,light,body,guard,back,2,enemies/e01_executioner/light/guard/back_02.png,320,320,160,280,false
e01_executioner,light,body,guard,back,3,enemies/e01_executioner/light/guard/back_03.png,320,320,160,280,false
e01_executioner,light,body,guard,back,4,enemies/e01_executioner/light/guard/back_04.png,320,320,160,280,false
e01_executioner,shadow,body,approach_windup,front,1,enemies/e01_executioner/shadow/approach_windup/front_01.png,320,320,160,280,false
e01_executioner,shadow,body,approach_windup,front,2,enemies/e01_executioner/shadow/approach_windup/front_02.png,320,320,160,280,false
e01_executioner,shadow,body,approach_windup,front,3,enemies/e01_executioner/shadow/approach_windup/front_03.png,320,320,160,280,false
e01_executioner,shadow,body,approach_windup,front,4,enemies/e01_executioner/shadow/approach_windup/front_04.png,320,320,160,280,false
e01_executioner,shadow,body,approach_windup,right,1,enemies/e01_executioner/shadow/approach_windup/right_01.png,320,320,160,280,false
e01_executioner,shadow,body,approach_windup,left,1,enemies/e01_executioner/shadow/approach_windup/left_01.png,320,320,160,280,true
e01_executioner,shadow,body,approach_windup,right,2,enemies/e01_executioner/shadow/approach_windup/right_02.png,320,320,160,280,false
e01_executioner,shadow,body,approach_windup,left,2,enemies/e01_executioner/shadow/approach_windup/left_02.png,320,320,160,280,true
e01_executioner,shadow,body,approach_windup,right,3,enemies/e01_executioner/shadow/approach_windup/right_03.png,320,320,160,280,false
e01_executioner,shadow,body,approach_windup,left,3,enemies/e01_executioner/shadow/approach_windup/left_03.png,320,320,160,280,true
e01_executioner,shadow,body,approach_windup,right,4,enemies/e01_executioner/shadow/approach_windup/right_04.png,320,320,160,280,false
e01_executioner,shadow,body,approach_windup,left,4,enemies/e01_executioner/shadow/approach_windup/left_04.png,320,320,160,280,true
e01_executioner,shadow,body,approach_windup,back,1,enemies/e01_executioner/shadow/approach_windup/back_01.png,320,320,160,280,false
e01_executioner,shadow,body,approach_windup,back,2,enemies/e01_executioner/shadow/approach_windup/back_02.png,320,320,160,280,false
e01_executioner,shadow,body,approach_windup,back,3,enemies/e01_executioner/shadow/approach_windup/back_03.png,320,320,160,280,false
e01_executioner,shadow,body,approach_windup,back,4,enemies/e01_executioner/shadow/approach_windup/back_04.png,320,320,160,280,false
e01_executioner,shadow,body,approach_release,front,1,enemies/e01_executioner/shadow/approach_release/front_01.png,320,320,160,280,false
e01_executioner,shadow,body,approach_release,front,2,enemies/e01_executioner/shadow/approach_release/front_02.png,320,320,160,280,false
e01_executioner,shadow,body,approach_release,front,3,enemies/e01_executioner/shadow/approach_release/front_03.png,320,320,160,280,false
e01_executioner,shadow,body,approach_release,front,4,enemies/e01_executioner/shadow/approach_release/front_04.png,320,320,160,280,false
e01_executioner,shadow,body,approach_release,right,1,enemies/e01_executioner/shadow/approach_release/right_01.png,320,320,160,280,false
e01_executioner,shadow,body,approach_release,left,1,enemies/e01_executioner/shadow/approach_release/left_01.png,320,320,160,280,true
e01_executioner,shadow,body,approach_release,right,2,enemies/e01_executioner/shadow/approach_release/right_02.png,320,320,160,280,false
e01_executioner,shadow,body,approach_release,left,2,enemies/e01_executioner/shadow/approach_release/left_02.png,320,320,160,280,true
e01_executioner,shadow,body,approach_release,right,3,enemies/e01_executioner/shadow/approach_release/right_03.png,320,320,160,280,false
e01_executioner,shadow,body,approach_release,left,3,enemies/e01_executioner/shadow/approach_release/left_03.png,320,320,160,280,true
e01_executioner,shadow,body,approach_release,right,4,enemies/e01_executioner/shadow/approach_release/right_04.png,320,320,160,280,false
e01_executioner,shadow,body,approach_release,left,4,enemies/e01_executioner/shadow/approach_release/left_04.png,320,320,160,280,true
e01_executioner,shadow,body,approach_release,back,1,enemies/e01_executioner/shadow/approach_release/back_01.png,320,320,160,280,false
e01_executioner,shadow,body,approach_release,back,2,enemies/e01_executioner/shadow/approach_release/back_02.png,320,320,160,280,false
e01_executioner,shadow,body,approach_release,back,3,enemies/e01_executioner/shadow/approach_release/back_03.png,320,320,160,280,false
e01_executioner,shadow,body,approach_release,back,4,enemies/e01_executioner/shadow/approach_release/back_04.png,320,320,160,280,false
e01_executioner,shadow,body,approach_recovery,front,1,enemies/e01_executioner/shadow/approach_recovery/front_01.png,320,320,160,280,false
e01_executioner,shadow,body,approach_recovery,front,2,enemies/e01_executioner/shadow/approach_recovery/front_02.png,320,320,160,280,false
e01_executioner,shadow,body,approach_recovery,front,3,enemies/e01_executioner/shadow/approach_recovery/front_03.png,320,320,160,280,false
e01_executioner,shadow,body,approach_recovery,front,4,enemies/e01_executioner/shadow/approach_recovery/front_04.png,320,320,160,280,false
e01_executioner,shadow,body,approach_recovery,right,1,enemies/e01_executioner/shadow/approach_recovery/right_01.png,320,320,160,280,false
e01_executioner,shadow,body,approach_recovery,left,1,enemies/e01_executioner/shadow/approach_recovery/left_01.png,320,320,160,280,true
e01_executioner,shadow,body,approach_recovery,right,2,enemies/e01_executioner/shadow/approach_recovery/right_02.png,320,320,160,280,false
e01_executioner,shadow,body,approach_recovery,left,2,enemies/e01_executioner/shadow/approach_recovery/left_02.png,320,320,160,280,true
e01_executioner,shadow,body,approach_recovery,right,3,enemies/e01_executioner/shadow/approach_recovery/right_03.png,320,320,160,280,false
e01_executioner,shadow,body,approach_recovery,left,3,enemies/e01_executioner/shadow/approach_recovery/left_03.png,320,320,160,280,true
e01_executioner,shadow,body,approach_recovery,right,4,enemies/e01_executioner/shadow/approach_recovery/right_04.png,320,320,160,280,false
e01_executioner,shadow,body,approach_recovery,left,4,enemies/e01_executioner/shadow/approach_recovery/left_04.png,320,320,160,280,true
e01_executioner,shadow,body,approach_recovery,back,1,enemies/e01_executioner/shadow/approach_recovery/back_01.png,320,320,160,280,false
e01_executioner,shadow,body,approach_recovery,back,2,enemies/e01_executioner/shadow/approach_recovery/back_02.png,320,320,160,280,false
e01_executioner,shadow,body,approach_recovery,back,3,enemies/e01_executioner/shadow/approach_recovery/back_03.png,320,320,160,280,false
e01_executioner,shadow,body,approach_recovery,back,4,enemies/e01_executioner/shadow/approach_recovery/back_04.png,320,320,160,280,false
e01_executioner,shadow,body,guard,front,1,enemies/e01_executioner/shadow/guard/front_01.png,320,320,160,280,false
e01_executioner,shadow,body,guard,front,2,enemies/e01_executioner/shadow/guard/front_02.png,320,320,160,280,false
e01_executioner,shadow,body,guard,front,3,enemies/e01_executioner/shadow/guard/front_03.png,320,320,160,280,false
e01_executioner,shadow,body,guard,front,4,enemies/e01_executioner/shadow/guard/front_04.png,320,320,160,280,false
e01_executioner,shadow,body,guard,right,1,enemies/e01_executioner/shadow/guard/right_01.png,320,320,160,280,false
e01_executioner,shadow,body,guard,left,1,enemies/e01_executioner/shadow/guard/left_01.png,320,320,160,280,true
e01_executioner,shadow,body,guard,right,2,enemies/e01_executioner/shadow/guard/right_02.png,320,320,160,280,false
e01_executioner,shadow,body,guard,left,2,enemies/e01_executioner/shadow/guard/left_02.png,320,320,160,280,true
e01_executioner,shadow,body,guard,right,3,enemies/e01_executioner/shadow/guard/right_03.png,320,320,160,280,false
e01_executioner,shadow,body,guard,left,3,enemies/e01_executioner/shadow/guard/left_03.png,320,320,160,280,true
e01_executioner,shadow,body,guard,right,4,enemies/e01_executioner/shadow/guard/right_04.png,320,320,160,280,false
e01_executioner,shadow,body,guard,left,4,enemies/e01_executioner/shadow/guard/left_04.png,320,320,160,280,true
e01_executioner,shadow,body,guard,back,1,enemies/e01_executioner/shadow/guard/back_01.png,320,320,160,280,false
e01_executioner,shadow,body,guard,back,2,enemies/e01_executioner/shadow/guard/back_02.png,320,320,160,280,false
e01_executioner,shadow,body,guard,back,3,enemies/e01_executioner/shadow/guard/back_03.png,320,320,160,280,false
e01_executioner,shadow,body,guard,back,4,enemies/e01_executioner/shadow/guard/back_04.png,320,320,160,280,false
e02_bell,light,body,ground_mark_windup,front,1,enemies/e02_bell/light/ground_mark_windup/front_01.png,320,320,160,280,false
e02_bell,light,body,ground_mark_windup,front,2,enemies/e02_bell/light/ground_mark_windup/front_02.png,320,320,160,280,false
e02_bell,light,body,ground_mark_windup,front,3,enemies/e02_bell/light/ground_mark_windup/front_03.png,320,320,160,280,false
e02_bell,light,body,ground_mark_windup,front,4,enemies/e02_bell/light/ground_mark_windup/front_04.png,320,320,160,280,false
e02_bell,light,body,ground_mark_windup,right,1,enemies/e02_bell/light/ground_mark_windup/right_01.png,320,320,160,280,false
e02_bell,light,body,ground_mark_windup,left,1,enemies/e02_bell/light/ground_mark_windup/left_01.png,320,320,160,280,true
e02_bell,light,body,ground_mark_windup,right,2,enemies/e02_bell/light/ground_mark_windup/right_02.png,320,320,160,280,false
e02_bell,light,body,ground_mark_windup,left,2,enemies/e02_bell/light/ground_mark_windup/left_02.png,320,320,160,280,true
e02_bell,light,body,ground_mark_windup,right,3,enemies/e02_bell/light/ground_mark_windup/right_03.png,320,320,160,280,false
e02_bell,light,body,ground_mark_windup,left,3,enemies/e02_bell/light/ground_mark_windup/left_03.png,320,320,160,280,true
e02_bell,light,body,ground_mark_windup,right,4,enemies/e02_bell/light/ground_mark_windup/right_04.png,320,320,160,280,false
e02_bell,light,body,ground_mark_windup,left,4,enemies/e02_bell/light/ground_mark_windup/left_04.png,320,320,160,280,true
e02_bell,light,body,ground_mark_windup,back,1,enemies/e02_bell/light/ground_mark_windup/back_01.png,320,320,160,280,false
e02_bell,light,body,ground_mark_windup,back,2,enemies/e02_bell/light/ground_mark_windup/back_02.png,320,320,160,280,false
e02_bell,light,body,ground_mark_windup,back,3,enemies/e02_bell/light/ground_mark_windup/back_03.png,320,320,160,280,false
e02_bell,light,body,ground_mark_windup,back,4,enemies/e02_bell/light/ground_mark_windup/back_04.png,320,320,160,280,false
e02_bell,light,body,ground_mark_release,front,1,enemies/e02_bell/light/ground_mark_release/front_01.png,320,320,160,280,false
e02_bell,light,body,ground_mark_release,front,2,enemies/e02_bell/light/ground_mark_release/front_02.png,320,320,160,280,false
e02_bell,light,body,ground_mark_release,front,3,enemies/e02_bell/light/ground_mark_release/front_03.png,320,320,160,280,false
e02_bell,light,body,ground_mark_release,front,4,enemies/e02_bell/light/ground_mark_release/front_04.png,320,320,160,280,false
e02_bell,light,body,ground_mark_release,right,1,enemies/e02_bell/light/ground_mark_release/right_01.png,320,320,160,280,false
e02_bell,light,body,ground_mark_release,left,1,enemies/e02_bell/light/ground_mark_release/left_01.png,320,320,160,280,true
e02_bell,light,body,ground_mark_release,right,2,enemies/e02_bell/light/ground_mark_release/right_02.png,320,320,160,280,false
e02_bell,light,body,ground_mark_release,left,2,enemies/e02_bell/light/ground_mark_release/left_02.png,320,320,160,280,true
e02_bell,light,body,ground_mark_release,right,3,enemies/e02_bell/light/ground_mark_release/right_03.png,320,320,160,280,false
e02_bell,light,body,ground_mark_release,left,3,enemies/e02_bell/light/ground_mark_release/left_03.png,320,320,160,280,true
e02_bell,light,body,ground_mark_release,right,4,enemies/e02_bell/light/ground_mark_release/right_04.png,320,320,160,280,false
e02_bell,light,body,ground_mark_release,left,4,enemies/e02_bell/light/ground_mark_release/left_04.png,320,320,160,280,true
e02_bell,light,body,ground_mark_release,back,1,enemies/e02_bell/light/ground_mark_release/back_01.png,320,320,160,280,false
e02_bell,light,body,ground_mark_release,back,2,enemies/e02_bell/light/ground_mark_release/back_02.png,320,320,160,280,false
e02_bell,light,body,ground_mark_release,back,3,enemies/e02_bell/light/ground_mark_release/back_03.png,320,320,160,280,false
e02_bell,light,body,ground_mark_release,back,4,enemies/e02_bell/light/ground_mark_release/back_04.png,320,320,160,280,false
e02_bell,light,body,ground_mark_recovery,front,1,enemies/e02_bell/light/ground_mark_recovery/front_01.png,320,320,160,280,false
e02_bell,light,body,ground_mark_recovery,front,2,enemies/e02_bell/light/ground_mark_recovery/front_02.png,320,320,160,280,false
e02_bell,light,body,ground_mark_recovery,front,3,enemies/e02_bell/light/ground_mark_recovery/front_03.png,320,320,160,280,false
e02_bell,light,body,ground_mark_recovery,front,4,enemies/e02_bell/light/ground_mark_recovery/front_04.png,320,320,160,280,false
e02_bell,light,body,ground_mark_recovery,right,1,enemies/e02_bell/light/ground_mark_recovery/right_01.png,320,320,160,280,false
e02_bell,light,body,ground_mark_recovery,left,1,enemies/e02_bell/light/ground_mark_recovery/left_01.png,320,320,160,280,true
e02_bell,light,body,ground_mark_recovery,right,2,enemies/e02_bell/light/ground_mark_recovery/right_02.png,320,320,160,280,false
e02_bell,light,body,ground_mark_recovery,left,2,enemies/e02_bell/light/ground_mark_recovery/left_02.png,320,320,160,280,true
e02_bell,light,body,ground_mark_recovery,right,3,enemies/e02_bell/light/ground_mark_recovery/right_03.png,320,320,160,280,false
e02_bell,light,body,ground_mark_recovery,left,3,enemies/e02_bell/light/ground_mark_recovery/left_03.png,320,320,160,280,true
e02_bell,light,body,ground_mark_recovery,right,4,enemies/e02_bell/light/ground_mark_recovery/right_04.png,320,320,160,280,false
e02_bell,light,body,ground_mark_recovery,left,4,enemies/e02_bell/light/ground_mark_recovery/left_04.png,320,320,160,280,true
e02_bell,light,body,ground_mark_recovery,back,1,enemies/e02_bell/light/ground_mark_recovery/back_01.png,320,320,160,280,false
e02_bell,light,body,ground_mark_recovery,back,2,enemies/e02_bell/light/ground_mark_recovery/back_02.png,320,320,160,280,false
e02_bell,light,body,ground_mark_recovery,back,3,enemies/e02_bell/light/ground_mark_recovery/back_03.png,320,320,160,280,false
e02_bell,light,body,ground_mark_recovery,back,4,enemies/e02_bell/light/ground_mark_recovery/back_04.png,320,320,160,280,false
e02_bell,light,body,guard,front,1,enemies/e02_bell/light/guard/front_01.png,320,320,160,280,false
e02_bell,light,body,guard,front,2,enemies/e02_bell/light/guard/front_02.png,320,320,160,280,false
e02_bell,light,body,guard,front,3,enemies/e02_bell/light/guard/front_03.png,320,320,160,280,false
e02_bell,light,body,guard,front,4,enemies/e02_bell/light/guard/front_04.png,320,320,160,280,false
e02_bell,light,body,guard,right,1,enemies/e02_bell/light/guard/right_01.png,320,320,160,280,false
e02_bell,light,body,guard,left,1,enemies/e02_bell/light/guard/left_01.png,320,320,160,280,true
e02_bell,light,body,guard,right,2,enemies/e02_bell/light/guard/right_02.png,320,320,160,280,false
e02_bell,light,body,guard,left,2,enemies/e02_bell/light/guard/left_02.png,320,320,160,280,true
e02_bell,light,body,guard,right,3,enemies/e02_bell/light/guard/right_03.png,320,320,160,280,false
e02_bell,light,body,guard,left,3,enemies/e02_bell/light/guard/left_03.png,320,320,160,280,true
e02_bell,light,body,guard,right,4,enemies/e02_bell/light/guard/right_04.png,320,320,160,280,false
e02_bell,light,body,guard,left,4,enemies/e02_bell/light/guard/left_04.png,320,320,160,280,true
e02_bell,light,body,guard,back,1,enemies/e02_bell/light/guard/back_01.png,320,320,160,280,false
e02_bell,light,body,guard,back,2,enemies/e02_bell/light/guard/back_02.png,320,320,160,280,false
e02_bell,light,body,guard,back,3,enemies/e02_bell/light/guard/back_03.png,320,320,160,280,false
e02_bell,light,body,guard,back,4,enemies/e02_bell/light/guard/back_04.png,320,320,160,280,false
e02_bell,shadow,body,ground_mark_windup,front,1,enemies/e02_bell/shadow/ground_mark_windup/front_01.png,320,320,160,280,false
e02_bell,shadow,body,ground_mark_windup,front,2,enemies/e02_bell/shadow/ground_mark_windup/front_02.png,320,320,160,280,false
e02_bell,shadow,body,ground_mark_windup,front,3,enemies/e02_bell/shadow/ground_mark_windup/front_03.png,320,320,160,280,false
e02_bell,shadow,body,ground_mark_windup,front,4,enemies/e02_bell/shadow/ground_mark_windup/front_04.png,320,320,160,280,false
e02_bell,shadow,body,ground_mark_windup,right,1,enemies/e02_bell/shadow/ground_mark_windup/right_01.png,320,320,160,280,false
e02_bell,shadow,body,ground_mark_windup,left,1,enemies/e02_bell/shadow/ground_mark_windup/left_01.png,320,320,160,280,true
e02_bell,shadow,body,ground_mark_windup,right,2,enemies/e02_bell/shadow/ground_mark_windup/right_02.png,320,320,160,280,false
e02_bell,shadow,body,ground_mark_windup,left,2,enemies/e02_bell/shadow/ground_mark_windup/left_02.png,320,320,160,280,true
e02_bell,shadow,body,ground_mark_windup,right,3,enemies/e02_bell/shadow/ground_mark_windup/right_03.png,320,320,160,280,false
e02_bell,shadow,body,ground_mark_windup,left,3,enemies/e02_bell/shadow/ground_mark_windup/left_03.png,320,320,160,280,true
e02_bell,shadow,body,ground_mark_windup,right,4,enemies/e02_bell/shadow/ground_mark_windup/right_04.png,320,320,160,280,false
e02_bell,shadow,body,ground_mark_windup,left,4,enemies/e02_bell/shadow/ground_mark_windup/left_04.png,320,320,160,280,true
e02_bell,shadow,body,ground_mark_windup,back,1,enemies/e02_bell/shadow/ground_mark_windup/back_01.png,320,320,160,280,false
e02_bell,shadow,body,ground_mark_windup,back,2,enemies/e02_bell/shadow/ground_mark_windup/back_02.png,320,320,160,280,false
e02_bell,shadow,body,ground_mark_windup,back,3,enemies/e02_bell/shadow/ground_mark_windup/back_03.png,320,320,160,280,false
e02_bell,shadow,body,ground_mark_windup,back,4,enemies/e02_bell/shadow/ground_mark_windup/back_04.png,320,320,160,280,false
e02_bell,shadow,body,ground_mark_release,front,1,enemies/e02_bell/shadow/ground_mark_release/front_01.png,320,320,160,280,false
e02_bell,shadow,body,ground_mark_release,front,2,enemies/e02_bell/shadow/ground_mark_release/front_02.png,320,320,160,280,false
e02_bell,shadow,body,ground_mark_release,front,3,enemies/e02_bell/shadow/ground_mark_release/front_03.png,320,320,160,280,false
e02_bell,shadow,body,ground_mark_release,front,4,enemies/e02_bell/shadow/ground_mark_release/front_04.png,320,320,160,280,false
e02_bell,shadow,body,ground_mark_release,right,1,enemies/e02_bell/shadow/ground_mark_release/right_01.png,320,320,160,280,false
e02_bell,shadow,body,ground_mark_release,left,1,enemies/e02_bell/shadow/ground_mark_release/left_01.png,320,320,160,280,true
e02_bell,shadow,body,ground_mark_release,right,2,enemies/e02_bell/shadow/ground_mark_release/right_02.png,320,320,160,280,false
e02_bell,shadow,body,ground_mark_release,left,2,enemies/e02_bell/shadow/ground_mark_release/left_02.png,320,320,160,280,true
e02_bell,shadow,body,ground_mark_release,right,3,enemies/e02_bell/shadow/ground_mark_release/right_03.png,320,320,160,280,false
e02_bell,shadow,body,ground_mark_release,left,3,enemies/e02_bell/shadow/ground_mark_release/left_03.png,320,320,160,280,true
e02_bell,shadow,body,ground_mark_release,right,4,enemies/e02_bell/shadow/ground_mark_release/right_04.png,320,320,160,280,false
e02_bell,shadow,body,ground_mark_release,left,4,enemies/e02_bell/shadow/ground_mark_release/left_04.png,320,320,160,280,true
e02_bell,shadow,body,ground_mark_release,back,1,enemies/e02_bell/shadow/ground_mark_release/back_01.png,320,320,160,280,false
e02_bell,shadow,body,ground_mark_release,back,2,enemies/e02_bell/shadow/ground_mark_release/back_02.png,320,320,160,280,false
e02_bell,shadow,body,ground_mark_release,back,3,enemies/e02_bell/shadow/ground_mark_release/back_03.png,320,320,160,280,false
e02_bell,shadow,body,ground_mark_release,back,4,enemies/e02_bell/shadow/ground_mark_release/back_04.png,320,320,160,280,false
e02_bell,shadow,body,ground_mark_recovery,front,1,enemies/e02_bell/shadow/ground_mark_recovery/front_01.png,320,320,160,280,false
e02_bell,shadow,body,ground_mark_recovery,front,2,enemies/e02_bell/shadow/ground_mark_recovery/front_02.png,320,320,160,280,false
e02_bell,shadow,body,ground_mark_recovery,front,3,enemies/e02_bell/shadow/ground_mark_recovery/front_03.png,320,320,160,280,false
e02_bell,shadow,body,ground_mark_recovery,front,4,enemies/e02_bell/shadow/ground_mark_recovery/front_04.png,320,320,160,280,false
e02_bell,shadow,body,ground_mark_recovery,right,1,enemies/e02_bell/shadow/ground_mark_recovery/right_01.png,320,320,160,280,false
e02_bell,shadow,body,ground_mark_recovery,left,1,enemies/e02_bell/shadow/ground_mark_recovery/left_01.png,320,320,160,280,true
e02_bell,shadow,body,ground_mark_recovery,right,2,enemies/e02_bell/shadow/ground_mark_recovery/right_02.png,320,320,160,280,false
e02_bell,shadow,body,ground_mark_recovery,left,2,enemies/e02_bell/shadow/ground_mark_recovery/left_02.png,320,320,160,280,true
e02_bell,shadow,body,ground_mark_recovery,right,3,enemies/e02_bell/shadow/ground_mark_recovery/right_03.png,320,320,160,280,false
e02_bell,shadow,body,ground_mark_recovery,left,3,enemies/e02_bell/shadow/ground_mark_recovery/left_03.png,320,320,160,280,true
e02_bell,shadow,body,ground_mark_recovery,right,4,enemies/e02_bell/shadow/ground_mark_recovery/right_04.png,320,320,160,280,false
e02_bell,shadow,body,ground_mark_recovery,left,4,enemies/e02_bell/shadow/ground_mark_recovery/left_04.png,320,320,160,280,true
e02_bell,shadow,body,ground_mark_recovery,back,1,enemies/e02_bell/shadow/ground_mark_recovery/back_01.png,320,320,160,280,false
e02_bell,shadow,body,ground_mark_recovery,back,2,enemies/e02_bell/shadow/ground_mark_recovery/back_02.png,320,320,160,280,false
e02_bell,shadow,body,ground_mark_recovery,back,3,enemies/e02_bell/shadow/ground_mark_recovery/back_03.png,320,320,160,280,false
e02_bell,shadow,body,ground_mark_recovery,back,4,enemies/e02_bell/shadow/ground_mark_recovery/back_04.png,320,320,160,280,false
e02_bell,shadow,body,guard,front,1,enemies/e02_bell/shadow/guard/front_01.png,320,320,160,280,false
e02_bell,shadow,body,guard,front,2,enemies/e02_bell/shadow/guard/front_02.png,320,320,160,280,false
e02_bell,shadow,body,guard,front,3,enemies/e02_bell/shadow/guard/front_03.png,320,320,160,280,false
e02_bell,shadow,body,guard,front,4,enemies/e02_bell/shadow/guard/front_04.png,320,320,160,280,false
e02_bell,shadow,body,guard,right,1,enemies/e02_bell/shadow/guard/right_01.png,320,320,160,280,false
e02_bell,shadow,body,guard,left,1,enemies/e02_bell/shadow/guard/left_01.png,320,320,160,280,true
e02_bell,shadow,body,guard,right,2,enemies/e02_bell/shadow/guard/right_02.png,320,320,160,280,false
e02_bell,shadow,body,guard,left,2,enemies/e02_bell/shadow/guard/left_02.png,320,320,160,280,true
e02_bell,shadow,body,guard,right,3,enemies/e02_bell/shadow/guard/right_03.png,320,320,160,280,false
e02_bell,shadow,body,guard,left,3,enemies/e02_bell/shadow/guard/left_03.png,320,320,160,280,true
e02_bell,shadow,body,guard,right,4,enemies/e02_bell/shadow/guard/right_04.png,320,320,160,280,false
e02_bell,shadow,body,guard,left,4,enemies/e02_bell/shadow/guard/left_04.png,320,320,160,280,true
e02_bell,shadow,body,guard,back,1,enemies/e02_bell/shadow/guard/back_01.png,320,320,160,280,false
e02_bell,shadow,body,guard,back,2,enemies/e02_bell/shadow/guard/back_02.png,320,320,160,280,false
e02_bell,shadow,body,guard,back,3,enemies/e02_bell/shadow/guard/back_03.png,320,320,160,280,false
e02_bell,shadow,body,guard,back,4,enemies/e02_bell/shadow/guard/back_04.png,320,320,160,280,false
b01_watcher,light,body,judgment_windup,front,1,enemies/b01_watcher/light/judgment_windup/front_01.png,448,448,224,392,false
b01_watcher,light,body,judgment_windup,front,2,enemies/b01_watcher/light/judgment_windup/front_02.png,448,448,224,392,false
b01_watcher,light,body,judgment_windup,front,3,enemies/b01_watcher/light/judgment_windup/front_03.png,448,448,224,392,false
b01_watcher,light,body,judgment_windup,front,4,enemies/b01_watcher/light/judgment_windup/front_04.png,448,448,224,392,false
b01_watcher,light,body,judgment_windup,right,1,enemies/b01_watcher/light/judgment_windup/right_01.png,448,448,224,392,false
b01_watcher,light,body,judgment_windup,left,1,enemies/b01_watcher/light/judgment_windup/left_01.png,448,448,224,392,true
b01_watcher,light,body,judgment_windup,right,2,enemies/b01_watcher/light/judgment_windup/right_02.png,448,448,224,392,false
b01_watcher,light,body,judgment_windup,left,2,enemies/b01_watcher/light/judgment_windup/left_02.png,448,448,224,392,true
b01_watcher,light,body,judgment_windup,right,3,enemies/b01_watcher/light/judgment_windup/right_03.png,448,448,224,392,false
b01_watcher,light,body,judgment_windup,left,3,enemies/b01_watcher/light/judgment_windup/left_03.png,448,448,224,392,true
b01_watcher,light,body,judgment_windup,right,4,enemies/b01_watcher/light/judgment_windup/right_04.png,448,448,224,392,false
b01_watcher,light,body,judgment_windup,left,4,enemies/b01_watcher/light/judgment_windup/left_04.png,448,448,224,392,true
b01_watcher,light,body,judgment_windup,back,1,enemies/b01_watcher/light/judgment_windup/back_01.png,448,448,224,392,false
b01_watcher,light,body,judgment_windup,back,2,enemies/b01_watcher/light/judgment_windup/back_02.png,448,448,224,392,false
b01_watcher,light,body,judgment_windup,back,3,enemies/b01_watcher/light/judgment_windup/back_03.png,448,448,224,392,false
b01_watcher,light,body,judgment_windup,back,4,enemies/b01_watcher/light/judgment_windup/back_04.png,448,448,224,392,false
b01_watcher,light,body,judgment_release,front,1,enemies/b01_watcher/light/judgment_release/front_01.png,448,448,224,392,false
b01_watcher,light,body,judgment_release,front,2,enemies/b01_watcher/light/judgment_release/front_02.png,448,448,224,392,false
b01_watcher,light,body,judgment_release,front,3,enemies/b01_watcher/light/judgment_release/front_03.png,448,448,224,392,false
b01_watcher,light,body,judgment_release,front,4,enemies/b01_watcher/light/judgment_release/front_04.png,448,448,224,392,false
b01_watcher,light,body,judgment_release,right,1,enemies/b01_watcher/light/judgment_release/right_01.png,448,448,224,392,false
b01_watcher,light,body,judgment_release,left,1,enemies/b01_watcher/light/judgment_release/left_01.png,448,448,224,392,true
b01_watcher,light,body,judgment_release,right,2,enemies/b01_watcher/light/judgment_release/right_02.png,448,448,224,392,false
b01_watcher,light,body,judgment_release,left,2,enemies/b01_watcher/light/judgment_release/left_02.png,448,448,224,392,true
b01_watcher,light,body,judgment_release,right,3,enemies/b01_watcher/light/judgment_release/right_03.png,448,448,224,392,false
b01_watcher,light,body,judgment_release,left,3,enemies/b01_watcher/light/judgment_release/left_03.png,448,448,224,392,true
b01_watcher,light,body,judgment_release,right,4,enemies/b01_watcher/light/judgment_release/right_04.png,448,448,224,392,false
b01_watcher,light,body,judgment_release,left,4,enemies/b01_watcher/light/judgment_release/left_04.png,448,448,224,392,true
b01_watcher,light,body,judgment_release,back,1,enemies/b01_watcher/light/judgment_release/back_01.png,448,448,224,392,false
b01_watcher,light,body,judgment_release,back,2,enemies/b01_watcher/light/judgment_release/back_02.png,448,448,224,392,false
b01_watcher,light,body,judgment_release,back,3,enemies/b01_watcher/light/judgment_release/back_03.png,448,448,224,392,false
b01_watcher,light,body,judgment_release,back,4,enemies/b01_watcher/light/judgment_release/back_04.png,448,448,224,392,false
b01_watcher,light,body,judgment_recovery,front,1,enemies/b01_watcher/light/judgment_recovery/front_01.png,448,448,224,392,false
b01_watcher,light,body,judgment_recovery,front,2,enemies/b01_watcher/light/judgment_recovery/front_02.png,448,448,224,392,false
b01_watcher,light,body,judgment_recovery,front,3,enemies/b01_watcher/light/judgment_recovery/front_03.png,448,448,224,392,false
b01_watcher,light,body,judgment_recovery,front,4,enemies/b01_watcher/light/judgment_recovery/front_04.png,448,448,224,392,false
b01_watcher,light,body,judgment_recovery,right,1,enemies/b01_watcher/light/judgment_recovery/right_01.png,448,448,224,392,false
b01_watcher,light,body,judgment_recovery,left,1,enemies/b01_watcher/light/judgment_recovery/left_01.png,448,448,224,392,true
b01_watcher,light,body,judgment_recovery,right,2,enemies/b01_watcher/light/judgment_recovery/right_02.png,448,448,224,392,false
b01_watcher,light,body,judgment_recovery,left,2,enemies/b01_watcher/light/judgment_recovery/left_02.png,448,448,224,392,true
b01_watcher,light,body,judgment_recovery,right,3,enemies/b01_watcher/light/judgment_recovery/right_03.png,448,448,224,392,false
b01_watcher,light,body,judgment_recovery,left,3,enemies/b01_watcher/light/judgment_recovery/left_03.png,448,448,224,392,true
b01_watcher,light,body,judgment_recovery,right,4,enemies/b01_watcher/light/judgment_recovery/right_04.png,448,448,224,392,false
b01_watcher,light,body,judgment_recovery,left,4,enemies/b01_watcher/light/judgment_recovery/left_04.png,448,448,224,392,true
b01_watcher,light,body,judgment_recovery,back,1,enemies/b01_watcher/light/judgment_recovery/back_01.png,448,448,224,392,false
b01_watcher,light,body,judgment_recovery,back,2,enemies/b01_watcher/light/judgment_recovery/back_02.png,448,448,224,392,false
b01_watcher,light,body,judgment_recovery,back,3,enemies/b01_watcher/light/judgment_recovery/back_03.png,448,448,224,392,false
b01_watcher,light,body,judgment_recovery,back,4,enemies/b01_watcher/light/judgment_recovery/back_04.png,448,448,224,392,false
b01_watcher,light,body,rift_spear_windup,front,1,enemies/b01_watcher/light/rift_spear_windup/front_01.png,448,448,224,392,false
b01_watcher,light,body,rift_spear_windup,front,2,enemies/b01_watcher/light/rift_spear_windup/front_02.png,448,448,224,392,false
b01_watcher,light,body,rift_spear_windup,front,3,enemies/b01_watcher/light/rift_spear_windup/front_03.png,448,448,224,392,false
b01_watcher,light,body,rift_spear_windup,front,4,enemies/b01_watcher/light/rift_spear_windup/front_04.png,448,448,224,392,false
b01_watcher,light,body,rift_spear_windup,right,1,enemies/b01_watcher/light/rift_spear_windup/right_01.png,448,448,224,392,false
b01_watcher,light,body,rift_spear_windup,left,1,enemies/b01_watcher/light/rift_spear_windup/left_01.png,448,448,224,392,true
b01_watcher,light,body,rift_spear_windup,right,2,enemies/b01_watcher/light/rift_spear_windup/right_02.png,448,448,224,392,false
b01_watcher,light,body,rift_spear_windup,left,2,enemies/b01_watcher/light/rift_spear_windup/left_02.png,448,448,224,392,true
b01_watcher,light,body,rift_spear_windup,right,3,enemies/b01_watcher/light/rift_spear_windup/right_03.png,448,448,224,392,false
b01_watcher,light,body,rift_spear_windup,left,3,enemies/b01_watcher/light/rift_spear_windup/left_03.png,448,448,224,392,true
b01_watcher,light,body,rift_spear_windup,right,4,enemies/b01_watcher/light/rift_spear_windup/right_04.png,448,448,224,392,false
b01_watcher,light,body,rift_spear_windup,left,4,enemies/b01_watcher/light/rift_spear_windup/left_04.png,448,448,224,392,true
b01_watcher,light,body,rift_spear_windup,back,1,enemies/b01_watcher/light/rift_spear_windup/back_01.png,448,448,224,392,false
b01_watcher,light,body,rift_spear_windup,back,2,enemies/b01_watcher/light/rift_spear_windup/back_02.png,448,448,224,392,false
b01_watcher,light,body,rift_spear_windup,back,3,enemies/b01_watcher/light/rift_spear_windup/back_03.png,448,448,224,392,false
b01_watcher,light,body,rift_spear_windup,back,4,enemies/b01_watcher/light/rift_spear_windup/back_04.png,448,448,224,392,false
b01_watcher,light,body,rift_spear_release,front,1,enemies/b01_watcher/light/rift_spear_release/front_01.png,448,448,224,392,false
b01_watcher,light,body,rift_spear_release,front,2,enemies/b01_watcher/light/rift_spear_release/front_02.png,448,448,224,392,false
b01_watcher,light,body,rift_spear_release,front,3,enemies/b01_watcher/light/rift_spear_release/front_03.png,448,448,224,392,false
b01_watcher,light,body,rift_spear_release,front,4,enemies/b01_watcher/light/rift_spear_release/front_04.png,448,448,224,392,false
b01_watcher,light,body,rift_spear_release,right,1,enemies/b01_watcher/light/rift_spear_release/right_01.png,448,448,224,392,false
b01_watcher,light,body,rift_spear_release,left,1,enemies/b01_watcher/light/rift_spear_release/left_01.png,448,448,224,392,true
b01_watcher,light,body,rift_spear_release,right,2,enemies/b01_watcher/light/rift_spear_release/right_02.png,448,448,224,392,false
b01_watcher,light,body,rift_spear_release,left,2,enemies/b01_watcher/light/rift_spear_release/left_02.png,448,448,224,392,true
b01_watcher,light,body,rift_spear_release,right,3,enemies/b01_watcher/light/rift_spear_release/right_03.png,448,448,224,392,false
b01_watcher,light,body,rift_spear_release,left,3,enemies/b01_watcher/light/rift_spear_release/left_03.png,448,448,224,392,true
b01_watcher,light,body,rift_spear_release,right,4,enemies/b01_watcher/light/rift_spear_release/right_04.png,448,448,224,392,false
b01_watcher,light,body,rift_spear_release,left,4,enemies/b01_watcher/light/rift_spear_release/left_04.png,448,448,224,392,true
b01_watcher,light,body,rift_spear_release,back,1,enemies/b01_watcher/light/rift_spear_release/back_01.png,448,448,224,392,false
b01_watcher,light,body,rift_spear_release,back,2,enemies/b01_watcher/light/rift_spear_release/back_02.png,448,448,224,392,false
b01_watcher,light,body,rift_spear_release,back,3,enemies/b01_watcher/light/rift_spear_release/back_03.png,448,448,224,392,false
b01_watcher,light,body,rift_spear_release,back,4,enemies/b01_watcher/light/rift_spear_release/back_04.png,448,448,224,392,false
b01_watcher,light,body,rift_spear_recovery,front,1,enemies/b01_watcher/light/rift_spear_recovery/front_01.png,448,448,224,392,false
b01_watcher,light,body,rift_spear_recovery,front,2,enemies/b01_watcher/light/rift_spear_recovery/front_02.png,448,448,224,392,false
b01_watcher,light,body,rift_spear_recovery,front,3,enemies/b01_watcher/light/rift_spear_recovery/front_03.png,448,448,224,392,false
b01_watcher,light,body,rift_spear_recovery,front,4,enemies/b01_watcher/light/rift_spear_recovery/front_04.png,448,448,224,392,false
b01_watcher,light,body,rift_spear_recovery,right,1,enemies/b01_watcher/light/rift_spear_recovery/right_01.png,448,448,224,392,false
b01_watcher,light,body,rift_spear_recovery,left,1,enemies/b01_watcher/light/rift_spear_recovery/left_01.png,448,448,224,392,true
b01_watcher,light,body,rift_spear_recovery,right,2,enemies/b01_watcher/light/rift_spear_recovery/right_02.png,448,448,224,392,false
b01_watcher,light,body,rift_spear_recovery,left,2,enemies/b01_watcher/light/rift_spear_recovery/left_02.png,448,448,224,392,true
b01_watcher,light,body,rift_spear_recovery,right,3,enemies/b01_watcher/light/rift_spear_recovery/right_03.png,448,448,224,392,false
b01_watcher,light,body,rift_spear_recovery,left,3,enemies/b01_watcher/light/rift_spear_recovery/left_03.png,448,448,224,392,true
b01_watcher,light,body,rift_spear_recovery,right,4,enemies/b01_watcher/light/rift_spear_recovery/right_04.png,448,448,224,392,false
b01_watcher,light,body,rift_spear_recovery,left,4,enemies/b01_watcher/light/rift_spear_recovery/left_04.png,448,448,224,392,true
b01_watcher,light,body,rift_spear_recovery,back,1,enemies/b01_watcher/light/rift_spear_recovery/back_01.png,448,448,224,392,false
b01_watcher,light,body,rift_spear_recovery,back,2,enemies/b01_watcher/light/rift_spear_recovery/back_02.png,448,448,224,392,false
b01_watcher,light,body,rift_spear_recovery,back,3,enemies/b01_watcher/light/rift_spear_recovery/back_03.png,448,448,224,392,false
b01_watcher,light,body,rift_spear_recovery,back,4,enemies/b01_watcher/light/rift_spear_recovery/back_04.png,448,448,224,392,false
b01_watcher,light,body,transform,front,1,enemies/b01_watcher/light/transform/front_01.png,448,448,224,392,false
b01_watcher,light,body,transform,front,2,enemies/b01_watcher/light/transform/front_02.png,448,448,224,392,false
b01_watcher,light,body,transform,front,3,enemies/b01_watcher/light/transform/front_03.png,448,448,224,392,false
b01_watcher,light,body,transform,front,4,enemies/b01_watcher/light/transform/front_04.png,448,448,224,392,false
b01_watcher,light,body,transform,right,1,enemies/b01_watcher/light/transform/right_01.png,448,448,224,392,false
b01_watcher,light,body,transform,left,1,enemies/b01_watcher/light/transform/left_01.png,448,448,224,392,true
b01_watcher,light,body,transform,right,2,enemies/b01_watcher/light/transform/right_02.png,448,448,224,392,false
b01_watcher,light,body,transform,left,2,enemies/b01_watcher/light/transform/left_02.png,448,448,224,392,true
b01_watcher,light,body,transform,right,3,enemies/b01_watcher/light/transform/right_03.png,448,448,224,392,false
b01_watcher,light,body,transform,left,3,enemies/b01_watcher/light/transform/left_03.png,448,448,224,392,true
b01_watcher,light,body,transform,right,4,enemies/b01_watcher/light/transform/right_04.png,448,448,224,392,false
b01_watcher,light,body,transform,left,4,enemies/b01_watcher/light/transform/left_04.png,448,448,224,392,true
b01_watcher,light,body,transform,back,1,enemies/b01_watcher/light/transform/back_01.png,448,448,224,392,false
b01_watcher,light,body,transform,back,2,enemies/b01_watcher/light/transform/back_02.png,448,448,224,392,false
b01_watcher,light,body,transform,back,3,enemies/b01_watcher/light/transform/back_03.png,448,448,224,392,false
b01_watcher,light,body,transform,back,4,enemies/b01_watcher/light/transform/back_04.png,448,448,224,392,false
b01_watcher,shadow,body,dash_windup,front,1,enemies/b01_watcher/shadow/dash_windup/front_01.png,448,448,224,392,false
b01_watcher,shadow,body,dash_windup,front,2,enemies/b01_watcher/shadow/dash_windup/front_02.png,448,448,224,392,false
b01_watcher,shadow,body,dash_windup,front,3,enemies/b01_watcher/shadow/dash_windup/front_03.png,448,448,224,392,false
b01_watcher,shadow,body,dash_windup,front,4,enemies/b01_watcher/shadow/dash_windup/front_04.png,448,448,224,392,false
b01_watcher,shadow,body,dash_windup,right,1,enemies/b01_watcher/shadow/dash_windup/right_01.png,448,448,224,392,false
b01_watcher,shadow,body,dash_windup,left,1,enemies/b01_watcher/shadow/dash_windup/left_01.png,448,448,224,392,true
b01_watcher,shadow,body,dash_windup,right,2,enemies/b01_watcher/shadow/dash_windup/right_02.png,448,448,224,392,false
b01_watcher,shadow,body,dash_windup,left,2,enemies/b01_watcher/shadow/dash_windup/left_02.png,448,448,224,392,true
b01_watcher,shadow,body,dash_windup,right,3,enemies/b01_watcher/shadow/dash_windup/right_03.png,448,448,224,392,false
b01_watcher,shadow,body,dash_windup,left,3,enemies/b01_watcher/shadow/dash_windup/left_03.png,448,448,224,392,true
b01_watcher,shadow,body,dash_windup,right,4,enemies/b01_watcher/shadow/dash_windup/right_04.png,448,448,224,392,false
b01_watcher,shadow,body,dash_windup,left,4,enemies/b01_watcher/shadow/dash_windup/left_04.png,448,448,224,392,true
b01_watcher,shadow,body,dash_windup,back,1,enemies/b01_watcher/shadow/dash_windup/back_01.png,448,448,224,392,false
b01_watcher,shadow,body,dash_windup,back,2,enemies/b01_watcher/shadow/dash_windup/back_02.png,448,448,224,392,false
b01_watcher,shadow,body,dash_windup,back,3,enemies/b01_watcher/shadow/dash_windup/back_03.png,448,448,224,392,false
b01_watcher,shadow,body,dash_windup,back,4,enemies/b01_watcher/shadow/dash_windup/back_04.png,448,448,224,392,false
b01_watcher,shadow,body,dash_release,front,1,enemies/b01_watcher/shadow/dash_release/front_01.png,448,448,224,392,false
b01_watcher,shadow,body,dash_release,front,2,enemies/b01_watcher/shadow/dash_release/front_02.png,448,448,224,392,false
b01_watcher,shadow,body,dash_release,front,3,enemies/b01_watcher/shadow/dash_release/front_03.png,448,448,224,392,false
b01_watcher,shadow,body,dash_release,front,4,enemies/b01_watcher/shadow/dash_release/front_04.png,448,448,224,392,false
b01_watcher,shadow,body,dash_release,right,1,enemies/b01_watcher/shadow/dash_release/right_01.png,448,448,224,392,false
b01_watcher,shadow,body,dash_release,left,1,enemies/b01_watcher/shadow/dash_release/left_01.png,448,448,224,392,true
b01_watcher,shadow,body,dash_release,right,2,enemies/b01_watcher/shadow/dash_release/right_02.png,448,448,224,392,false
b01_watcher,shadow,body,dash_release,left,2,enemies/b01_watcher/shadow/dash_release/left_02.png,448,448,224,392,true
b01_watcher,shadow,body,dash_release,right,3,enemies/b01_watcher/shadow/dash_release/right_03.png,448,448,224,392,false
b01_watcher,shadow,body,dash_release,left,3,enemies/b01_watcher/shadow/dash_release/left_03.png,448,448,224,392,true
b01_watcher,shadow,body,dash_release,right,4,enemies/b01_watcher/shadow/dash_release/right_04.png,448,448,224,392,false
b01_watcher,shadow,body,dash_release,left,4,enemies/b01_watcher/shadow/dash_release/left_04.png,448,448,224,392,true
b01_watcher,shadow,body,dash_release,back,1,enemies/b01_watcher/shadow/dash_release/back_01.png,448,448,224,392,false
b01_watcher,shadow,body,dash_release,back,2,enemies/b01_watcher/shadow/dash_release/back_02.png,448,448,224,392,false
b01_watcher,shadow,body,dash_release,back,3,enemies/b01_watcher/shadow/dash_release/back_03.png,448,448,224,392,false
b01_watcher,shadow,body,dash_release,back,4,enemies/b01_watcher/shadow/dash_release/back_04.png,448,448,224,392,false
b01_watcher,shadow,body,dash_recovery,front,1,enemies/b01_watcher/shadow/dash_recovery/front_01.png,448,448,224,392,false
b01_watcher,shadow,body,dash_recovery,front,2,enemies/b01_watcher/shadow/dash_recovery/front_02.png,448,448,224,392,false
b01_watcher,shadow,body,dash_recovery,front,3,enemies/b01_watcher/shadow/dash_recovery/front_03.png,448,448,224,392,false
b01_watcher,shadow,body,dash_recovery,front,4,enemies/b01_watcher/shadow/dash_recovery/front_04.png,448,448,224,392,false
b01_watcher,shadow,body,dash_recovery,right,1,enemies/b01_watcher/shadow/dash_recovery/right_01.png,448,448,224,392,false
b01_watcher,shadow,body,dash_recovery,left,1,enemies/b01_watcher/shadow/dash_recovery/left_01.png,448,448,224,392,true
b01_watcher,shadow,body,dash_recovery,right,2,enemies/b01_watcher/shadow/dash_recovery/right_02.png,448,448,224,392,false
b01_watcher,shadow,body,dash_recovery,left,2,enemies/b01_watcher/shadow/dash_recovery/left_02.png,448,448,224,392,true
b01_watcher,shadow,body,dash_recovery,right,3,enemies/b01_watcher/shadow/dash_recovery/right_03.png,448,448,224,392,false
b01_watcher,shadow,body,dash_recovery,left,3,enemies/b01_watcher/shadow/dash_recovery/left_03.png,448,448,224,392,true
b01_watcher,shadow,body,dash_recovery,right,4,enemies/b01_watcher/shadow/dash_recovery/right_04.png,448,448,224,392,false
b01_watcher,shadow,body,dash_recovery,left,4,enemies/b01_watcher/shadow/dash_recovery/left_04.png,448,448,224,392,true
b01_watcher,shadow,body,dash_recovery,back,1,enemies/b01_watcher/shadow/dash_recovery/back_01.png,448,448,224,392,false
b01_watcher,shadow,body,dash_recovery,back,2,enemies/b01_watcher/shadow/dash_recovery/back_02.png,448,448,224,392,false
b01_watcher,shadow,body,dash_recovery,back,3,enemies/b01_watcher/shadow/dash_recovery/back_03.png,448,448,224,392,false
b01_watcher,shadow,body,dash_recovery,back,4,enemies/b01_watcher/shadow/dash_recovery/back_04.png,448,448,224,392,false
b01_watcher,shadow,body,summon_windup,front,1,enemies/b01_watcher/shadow/summon_windup/front_01.png,448,448,224,392,false
b01_watcher,shadow,body,summon_windup,front,2,enemies/b01_watcher/shadow/summon_windup/front_02.png,448,448,224,392,false
b01_watcher,shadow,body,summon_windup,front,3,enemies/b01_watcher/shadow/summon_windup/front_03.png,448,448,224,392,false
b01_watcher,shadow,body,summon_windup,front,4,enemies/b01_watcher/shadow/summon_windup/front_04.png,448,448,224,392,false
b01_watcher,shadow,body,summon_windup,right,1,enemies/b01_watcher/shadow/summon_windup/right_01.png,448,448,224,392,false
b01_watcher,shadow,body,summon_windup,left,1,enemies/b01_watcher/shadow/summon_windup/left_01.png,448,448,224,392,true
b01_watcher,shadow,body,summon_windup,right,2,enemies/b01_watcher/shadow/summon_windup/right_02.png,448,448,224,392,false
b01_watcher,shadow,body,summon_windup,left,2,enemies/b01_watcher/shadow/summon_windup/left_02.png,448,448,224,392,true
b01_watcher,shadow,body,summon_windup,right,3,enemies/b01_watcher/shadow/summon_windup/right_03.png,448,448,224,392,false
b01_watcher,shadow,body,summon_windup,left,3,enemies/b01_watcher/shadow/summon_windup/left_03.png,448,448,224,392,true
b01_watcher,shadow,body,summon_windup,right,4,enemies/b01_watcher/shadow/summon_windup/right_04.png,448,448,224,392,false
b01_watcher,shadow,body,summon_windup,left,4,enemies/b01_watcher/shadow/summon_windup/left_04.png,448,448,224,392,true
b01_watcher,shadow,body,summon_windup,back,1,enemies/b01_watcher/shadow/summon_windup/back_01.png,448,448,224,392,false
b01_watcher,shadow,body,summon_windup,back,2,enemies/b01_watcher/shadow/summon_windup/back_02.png,448,448,224,392,false
b01_watcher,shadow,body,summon_windup,back,3,enemies/b01_watcher/shadow/summon_windup/back_03.png,448,448,224,392,false
b01_watcher,shadow,body,summon_windup,back,4,enemies/b01_watcher/shadow/summon_windup/back_04.png,448,448,224,392,false
b01_watcher,shadow,body,summon_release,front,1,enemies/b01_watcher/shadow/summon_release/front_01.png,448,448,224,392,false
b01_watcher,shadow,body,summon_release,front,2,enemies/b01_watcher/shadow/summon_release/front_02.png,448,448,224,392,false
b01_watcher,shadow,body,summon_release,front,3,enemies/b01_watcher/shadow/summon_release/front_03.png,448,448,224,392,false
b01_watcher,shadow,body,summon_release,front,4,enemies/b01_watcher/shadow/summon_release/front_04.png,448,448,224,392,false
b01_watcher,shadow,body,summon_release,right,1,enemies/b01_watcher/shadow/summon_release/right_01.png,448,448,224,392,false
b01_watcher,shadow,body,summon_release,left,1,enemies/b01_watcher/shadow/summon_release/left_01.png,448,448,224,392,true
b01_watcher,shadow,body,summon_release,right,2,enemies/b01_watcher/shadow/summon_release/right_02.png,448,448,224,392,false
b01_watcher,shadow,body,summon_release,left,2,enemies/b01_watcher/shadow/summon_release/left_02.png,448,448,224,392,true
b01_watcher,shadow,body,summon_release,right,3,enemies/b01_watcher/shadow/summon_release/right_03.png,448,448,224,392,false
b01_watcher,shadow,body,summon_release,left,3,enemies/b01_watcher/shadow/summon_release/left_03.png,448,448,224,392,true
b01_watcher,shadow,body,summon_release,right,4,enemies/b01_watcher/shadow/summon_release/right_04.png,448,448,224,392,false
b01_watcher,shadow,body,summon_release,left,4,enemies/b01_watcher/shadow/summon_release/left_04.png,448,448,224,392,true
b01_watcher,shadow,body,summon_release,back,1,enemies/b01_watcher/shadow/summon_release/back_01.png,448,448,224,392,false
b01_watcher,shadow,body,summon_release,back,2,enemies/b01_watcher/shadow/summon_release/back_02.png,448,448,224,392,false
b01_watcher,shadow,body,summon_release,back,3,enemies/b01_watcher/shadow/summon_release/back_03.png,448,448,224,392,false
b01_watcher,shadow,body,summon_release,back,4,enemies/b01_watcher/shadow/summon_release/back_04.png,448,448,224,392,false
b01_watcher,shadow,body,summon_recovery,front,1,enemies/b01_watcher/shadow/summon_recovery/front_01.png,448,448,224,392,false
b01_watcher,shadow,body,summon_recovery,front,2,enemies/b01_watcher/shadow/summon_recovery/front_02.png,448,448,224,392,false
b01_watcher,shadow,body,summon_recovery,front,3,enemies/b01_watcher/shadow/summon_recovery/front_03.png,448,448,224,392,false
b01_watcher,shadow,body,summon_recovery,front,4,enemies/b01_watcher/shadow/summon_recovery/front_04.png,448,448,224,392,false
b01_watcher,shadow,body,summon_recovery,right,1,enemies/b01_watcher/shadow/summon_recovery/right_01.png,448,448,224,392,false
b01_watcher,shadow,body,summon_recovery,left,1,enemies/b01_watcher/shadow/summon_recovery/left_01.png,448,448,224,392,true
b01_watcher,shadow,body,summon_recovery,right,2,enemies/b01_watcher/shadow/summon_recovery/right_02.png,448,448,224,392,false
b01_watcher,shadow,body,summon_recovery,left,2,enemies/b01_watcher/shadow/summon_recovery/left_02.png,448,448,224,392,true
b01_watcher,shadow,body,summon_recovery,right,3,enemies/b01_watcher/shadow/summon_recovery/right_03.png,448,448,224,392,false
b01_watcher,shadow,body,summon_recovery,left,3,enemies/b01_watcher/shadow/summon_recovery/left_03.png,448,448,224,392,true
b01_watcher,shadow,body,summon_recovery,right,4,enemies/b01_watcher/shadow/summon_recovery/right_04.png,448,448,224,392,false
b01_watcher,shadow,body,summon_recovery,left,4,enemies/b01_watcher/shadow/summon_recovery/left_04.png,448,448,224,392,true
b01_watcher,shadow,body,summon_recovery,back,1,enemies/b01_watcher/shadow/summon_recovery/back_01.png,448,448,224,392,false
b01_watcher,shadow,body,summon_recovery,back,2,enemies/b01_watcher/shadow/summon_recovery/back_02.png,448,448,224,392,false
b01_watcher,shadow,body,summon_recovery,back,3,enemies/b01_watcher/shadow/summon_recovery/back_03.png,448,448,224,392,false
b01_watcher,shadow,body,summon_recovery,back,4,enemies/b01_watcher/shadow/summon_recovery/back_04.png,448,448,224,392,false
b01_watcher,shadow,body,transform,front,1,enemies/b01_watcher/shadow/transform/front_01.png,448,448,224,392,false
b01_watcher,shadow,body,transform,front,2,enemies/b01_watcher/shadow/transform/front_02.png,448,448,224,392,false
b01_watcher,shadow,body,transform,front,3,enemies/b01_watcher/shadow/transform/front_03.png,448,448,224,392,false
b01_watcher,shadow,body,transform,front,4,enemies/b01_watcher/shadow/transform/front_04.png,448,448,224,392,false
b01_watcher,shadow,body,transform,right,1,enemies/b01_watcher/shadow/transform/right_01.png,448,448,224,392,false
b01_watcher,shadow,body,transform,left,1,enemies/b01_watcher/shadow/transform/left_01.png,448,448,224,392,true
b01_watcher,shadow,body,transform,right,2,enemies/b01_watcher/shadow/transform/right_02.png,448,448,224,392,false
b01_watcher,shadow,body,transform,left,2,enemies/b01_watcher/shadow/transform/left_02.png,448,448,224,392,true
b01_watcher,shadow,body,transform,right,3,enemies/b01_watcher/shadow/transform/right_03.png,448,448,224,392,false
b01_watcher,shadow,body,transform,left,3,enemies/b01_watcher/shadow/transform/left_03.png,448,448,224,392,true
b01_watcher,shadow,body,transform,right,4,enemies/b01_watcher/shadow/transform/right_04.png,448,448,224,392,false
b01_watcher,shadow,body,transform,left,4,enemies/b01_watcher/shadow/transform/left_04.png,448,448,224,392,true
b01_watcher,shadow,body,transform,back,1,enemies/b01_watcher/shadow/transform/back_01.png,448,448,224,392,false
b01_watcher,shadow,body,transform,back,2,enemies/b01_watcher/shadow/transform/back_02.png,448,448,224,392,false
b01_watcher,shadow,body,transform,back,3,enemies/b01_watcher/shadow/transform/back_03.png,448,448,224,392,false
b01_watcher,shadow,body,transform,back,4,enemies/b01_watcher/shadow/transform/back_04.png,448,448,224,392,false